girl,age,education_head,sheep,duration_village,farmer,number_ppl_hh,f07_test_observed,treatment,clustercode,formal_school,distance_nearest_school,testscores
1,7,6,0,35,0,6,1,1,5,1,4.0972052,-.65545779
1,9,6,0,35,0,6,1,1,5,1,4.0972052,.81981313
1,11,0,10,35,0,3,1,1,5,1,4.169591,1.4903909
0,8,0,20,15,1,10,1,1,5,1,4.1835222,1.3562753
1,8,0,20,15,1,10,1,1,5,1,4.1835222,.41746652
1,7,0,20,15,1,10,1,1,5,1,4.1835222,.015119907
0,8,5,20,50,1,9,1,1,5,1,4.0909238,1.4903909
0,7,5,20,50,1,9,1,1,5,1,4.0909238,1.3562753
1,6,5,20,50,1,9,1,1,5,1,4.0909238,-.25311118
1,8,2,0,20,0,7,1,1,5,1,4.2038269,1.7586219
1,7,2,0,20,0,7,1,1,5,1,4.2038269,1.3562753
0,10,2,0,20,0,7,1,1,5,1,4.2038269,2.1609685
1,8,0,30,50,1,7,1,1,5,1,4.1223254,.41746652
0,6,0,30,50,1,7,1,1,5,1,4.1223254,-.52134228
1,8,0,5,20,1,7,1,1,5,1,4.2605782,1.4903909
0,7,0,5,20,1,7,1,1,5,1,4.2605782,.68569762
1,10,10,8,4,0,9,1,1,5,1,4.1287899,1.4903909
0,10,10,8,4,0,9,1,1,5,1,4.1287899,2.295084
0,11,10,8,4,0,9,1,1,5,1,4.1287899,2.295084
0,8,10,8,4,0,9,1,1,5,1,4.1287899,1.7586219
0,7,4,26,11,1,12,1,1,5,1,4.1534429,1.4903909
1,8,5,20,1,0,7,1,1,5,1,4.2248521,-.92368889
0,7,0,10,20,1,9,1,1,5,1,4.1377563,2.1609685
1,7,0,20,45,1,5,1,1,5,1,4.2133126,-.78957331
0,6,0,0,1,1,5,1,1,5,1,4.2353115,.015119907
1,8,0,0,15,1,7,1,1,5,1,2.1375613,.14923544
0,9,0,0,15,1,7,1,1,5,1,2.1375613,1.2221597
0,7,3,10,20,0,7,1,1,5,1,1.4697633,-1.3260355
1,9,3,10,20,0,7,1,1,5,1,1.4697633,.68569762
1,10,5,10,40,0,9,1,1,5,1,1.4573156,1.8927375
1,11,5,10,40,0,9,1,1,5,1,1.4573156,.81981313
0,7,5,10,40,0,9,1,1,5,1,1.4573156,2.0268531
0,6,5,10,40,0,9,1,1,5,1,1.4573156,-.92368889
0,10,2,10,50,1,5,1,1,5,1,2.1695487,.95392871
1,10,2,7,25,1,8,1,1,5,1,1.5015851,-.3872267
0,11,2,7,25,1,8,1,1,5,1,1.5015851,1.3562753
0,7,2,7,25,1,8,1,1,5,1,1.5015851,-.78957331
1,7,0,15,40,0,5,1,1,5,1,1.4930503,-.11899563
1,9,0,15,40,0,5,1,1,5,1,1.4930503,2.0268531
1,8,10,0,30,0,8,1,1,5,1,2.128876,1.2221597
0,11,1,4,40,1,6,1,1,5,1,1.5293709,1.4903909
1,10,1,4,40,1,6,1,1,5,1,1.5293709,.55158204
0,6,0,15,40,1,6,1,1,5,1,2.1693106,.41746652
1,7,0,15,40,1,6,1,1,5,1,2.1693106,-.92368889
0,8,2,5,25,1,4,1,1,5,1,1.4930503,1.4903909
1,9,5,10,30,1,8,1,1,5,1,1.4930503,1.4903909
0,7,5,10,30,1,8,1,1,5,1,1.4930503,.28335097
1,8,5,10,30,1,8,1,1,5,1,1.4930503,2.295084
0,7,3,5,30,1,6,1,1,5,1,2.1649833,.28335097
0,8,0,3,16,1,7,1,1,5,1,2.1928368,.14923544
0,11,0,3,16,1,7,1,1,5,1,2.1928368,1.8927375
0,10,0,3,16,1,7,1,1,5,1,2.1928368,-.65545779
0,8,0,5,30,0,11,1,1,5,1,1.4921961,-.25311118
0,7,0,5,30,0,11,1,1,5,0,1.4921961,-1.3260355
1,9,0,5,30,0,11,1,1,5,1,1.4921961,1.4903909
0,6,7,3,30,0,6,1,1,5,1,2.1278355,.28335097
0,11,0,3,20,1,9,1,1,5,1,1.8040538,1.3562753
1,7,0,5,30,1,4,1,1,5,1,2.1832206,-.65545779
1,8,0,4,15,0,9,1,1,5,1,1.5064195,-1.3260355
0,6,0,4,15,0,9,1,1,5,1,1.5064195,-1.3260355
0,10,0,4,15,0,9,1,1,5,1,1.5064195,1.3562753
0,6,1,4,40,1,8,1,1,5,1,1.5044353,-.92368889
1,9,1,4,40,1,8,1,1,5,1,1.5044353,1.3562753
1,9,5,15,36,1,12,1,1,5,1,2.2614779,1.3562753
0,6,5,15,36,1,12,1,1,5,1,2.2614779,-.25311118
0,11,10,10,40,1,10,1,1,5,1,2.3234522,1.0880442
0,7,10,10,40,1,10,1,1,5,1,2.3234522,2.0268531
0,6,10,10,40,1,10,1,1,5,0,2.3234522,-1.3260355
0,11,2,5,20,0,6,1,1,5,1,2.3247969,2.295084
0,7,2,5,20,0,6,1,1,5,1,2.3247969,.28335097
1,9,2,4,50,1,10,1,1,5,1,2.3467398,1.7586219
0,6,2,4,50,1,10,1,1,5,1,2.3467398,.28335097
1,11,2,4,50,1,10,1,1,5,1,2.3467398,1.4903909
1,9,6,20,30,1,14,1,1,5,1,2.2700946,1.7586219
1,7,6,20,30,1,14,0,1,5,1,2.2700946,
0,6,6,20,30,1,14,0,1,5,1,2.2700946,
0,10,0,10,18,1,2,1,1,5,1,2.3582363,-.3872267
0,7,4,15,33,1,9,1,1,5,1,2.0828402,1.4903909
1,11,4,15,33,1,9,1,1,5,1,2.0828402,1.2221597
0,7,3,10,53,1,10,1,1,5,0,2.4516768,.95392871
1,6,3,10,53,1,10,1,1,5,0,2.4516768,-.92368889
0,8,0,0,35,0,7,1,1,5,1,2.3348527,1.4903909
1,7,0,0,35,0,7,1,1,5,0,2.3348527,-.92368889
1,11,0,0,40,1,6,1,1,5,1,2.3348527,1.0880442
1,6,0,0,40,1,6,1,1,5,0,2.3348527,-.92368889
0,7,2,15,45,1,13,1,1,5,1,2.0597432,.55158204
0,7,0,0,35,1,6,1,1,5,0,2.0608249,-1.3260355
0,10,0,0,35,1,6,1,1,5,1,2.0608249,-.92368889
1,8,0,0,45,0,9,1,1,5,0,2.2888722,-.92368889
0,8,7,10,36,0,10,1,1,5,1,2.3151712,1.2221597
1,7,7,10,36,0,10,1,1,5,0,2.3151712,-.3872267
0,6,7,10,36,0,10,1,1,5,1,2.3151712,-.92368889
0,6,0,10,40,1,13,1,1,5,1,2.2796233,-1.0578045
0,11,0,10,40,1,13,1,1,5,0,2.2796233,.55158204
0,8,0,10,40,1,13,1,1,5,1,2.2796233,-.52134228
1,10,6,14,35,1,10,1,1,5,1,2.3151712,1.2221597
0,7,6,14,35,1,10,1,1,5,1,2.3151712,.55158204
1,7,6,14,35,1,10,1,1,5,1,2.3151712,-.78957331
1,6,6,14,35,1,10,1,1,5,0,2.3151712,-.92368889
1,6,0,7,40,1,9,1,1,5,1,2.3348527,.95392871
0,11,0,7,40,1,9,1,1,5,1,2.3348527,1.2221597
1,8,12,12,40,0,10,1,1,5,0,2.2890284,2.295084
1,6,12,12,40,0,10,1,1,5,1,2.2890284,.68569762
0,9,2,6,43,1,8,1,1,5,1,2.2351704,.68569762
0,7,1,20,40,1,10,1,1,5,1,2.9679925,2.295084
1,6,1,10,30,0,9,0,1,5,0,2.3041434,
0,11,1,10,30,0,9,0,1,5,1,2.3041434,
1,9,2,0,12,0,6,1,1,5,1,2.2438173,1.4903909
1,8,0,0,15,1,7,1,1,5,0,2.7431755,.95392871
1,8,7,10,28,0,14,1,1,5,1,2.2098067,.68569762
0,9,7,10,28,0,14,1,1,5,1,2.2098067,2.295084
0,7,7,10,28,0,14,1,1,5,1,2.2098067,1.4903909
1,8,0,15,30,1,7,1,1,4,1,4.0451727,1.7586219
0,10,0,15,30,1,7,1,1,4,0,4.0451727,1.3562753
0,11,0,15,30,1,7,1,1,4,1,4.0451727,1.8927375
1,6,0,5,30,1,8,1,1,4,0,4.0899453,-.52134228
0,8,0,5,30,1,8,1,1,4,1,4.0899453,.41746652
1,8,1,5,30,1,11,1,1,4,0,3.6148267,.015119907
1,10,1,5,30,1,11,1,1,4,1,3.6148267,1.4903909
1,9,3,0,22,0,7,1,1,4,1,4.124331,-.11899563
1,7,3,0,22,0,7,1,1,4,1,4.124331,-1.1919199
1,8,0,0,14,1,9,1,1,4,1,4.0726647,1.0880442
1,10,2,6,20,1,6,1,1,4,1,3.6218712,.41746652
0,10,2,6,10,1,7,0,1,4,0,4.0947571,
0,7,2,6,10,1,7,1,1,4,0,4.0947571,-1.0578045
0,8,0,5,40,1,8,1,1,4,1,4.0992446,.41746652
0,11,0,5,40,1,8,1,1,4,1,4.0992446,1.2221597
1,6,0,20,30,0,8,1,1,4,1,4.105804,.28335097
1,10,0,20,30,0,8,1,1,4,1,4.105804,1.2221597
0,7,0,0,40,1,5,1,1,4,1,4.0763035,1.0880442
0,10,2,10,10,1,7,1,1,4,1,4.0007005,2.0268531
0,7,2,10,10,1,7,1,1,4,0,4.0007005,-.92368889
0,7,2,25,30,1,4,1,1,4,0,4.2879062,-.11899563
0,11,14,20,20,0,14,1,1,4,1,4.0681572,2.1609685
0,10,14,20,20,0,14,1,1,4,0,4.0681572,1.6245064
0,7,14,20,20,0,14,1,1,4,0,4.0681572,-.92368889
1,8,14,20,20,0,14,1,1,4,1,4.0681572,.015119907
1,10,14,20,20,0,14,1,1,4,1,4.0681572,.41746652
0,10,0,2,12,0,8,1,1,4,1,4.1288066,2.0268531
0,8,0,2,12,0,8,1,1,4,1,4.1288066,1.8927375
1,7,0,2,12,0,8,1,1,4,1,4.1288066,.28335097
0,7,6,6,10,1,5,0,1,4,0,4.2046304,
0,10,0,0,30,0,9,1,1,4,1,4.2109551,1.0880442
1,11,0,0,30,0,9,1,1,4,1,4.2109551,.95392871
0,8,0,3,25,1,6,1,1,4,1,4.088068,.015119907
1,6,0,0,30,1,10,1,1,4,1,4.0851188,.015119907
1,7,0,0,30,1,10,1,1,4,1,4.0851188,.41746652
0,11,0,10,20,1,11,1,1,4,1,4.1386743,1.3562753
1,9,0,10,20,1,11,1,1,4,1,4.1386743,.28335097
1,7,3,10,50,1,12,1,1,4,1,4.0879726,.41746652
0,8,3,10,50,1,12,1,1,4,1,4.0879726,.28335097
0,6,3,10,50,1,12,1,1,4,1,4.0879726,-.78957331
0,11,0,7,16,1,3,1,1,4,1,4.0855317,1.3562753
0,8,0,0,15,1,7,1,1,4,0,4.1245742,-.92368889
0,9,3,20,30,1,10,1,1,4,1,4.0613303,.95392871
0,11,3,20,30,1,10,1,1,4,1,4.0613303,2.295084
0,6,3,20,30,1,10,1,1,4,1,4.0613303,.14923544
1,8,7,10,2,0,4,1,1,4,1,4.0587316,2.295084
0,7,2,20,8,1,7,1,1,4,1,4.0458279,.14923544
0,9,2,20,8,1,7,1,1,4,1,4.0458279,2.1609685
0,6,2,20,8,1,7,1,1,4,0,4.0458279,-.65545779
1,11,2,20,8,1,7,1,1,4,1,4.0458279,1.2221597
1,6,2,5,30,1,11,1,1,4,0,4.070436,-.52134228
1,8,2,5,30,1,11,1,1,4,1,4.070436,1.0880442
0,10,2,0,45,1,4,1,1,4,1,4.1080837,1.4903909
0,10,0,0,50,1,4,1,1,4,1,4.1026545,1.3562753
0,8,0,5,30,1,12,1,1,4,1,4.0657663,-.11899563
1,7,0,5,30,1,12,1,1,4,0,4.0657663,.015119907
1,8,2,0,35,1,6,1,1,4,1,4.1512947,-.25311118
0,7,0,6,30,1,5,1,1,4,0,4.2622509,-.3872267
1,6,7,10,38,1,9,1,1,4,1,4.0650859,-.11899563
0,7,7,10,38,1,9,1,1,4,1,4.0650859,1.2221597
0,7,3,30,50,0,11,1,1,4,0,4.1572957,-.92368889
0,11,3,30,50,0,11,1,1,4,1,4.1572957,1.3562753
1,9,3,30,50,0,11,1,1,4,1,4.1572957,.55158204
1,8,3,13,15,1,9,1,1,4,1,3.9663227,.015119907
0,6,3,10,40,1,8,1,1,4,1,3.9758646,.015119907
1,10,3,10,40,1,8,1,1,4,1,3.9758646,.14923544
0,7,0,4,40,1,8,0,1,4,0,4.1906209,
1,10,0,4,40,1,8,1,1,4,1,4.1906209,-.25311118
0,7,0,2,25,1,7,1,1,6,1,2.7085311,.28335097
1,8,0,2,25,1,7,1,1,6,1,2.7085311,1.3562753
1,7,10,40,30,1,7,1,1,6,1,2.7299428,.55158204
1,10,4,10,20,0,19,1,1,6,1,2.7622252,1.4903909
1,7,4,10,20,0,19,1,1,6,1,2.7622252,.95392871
1,6,4,10,20,0,19,1,1,6,1,2.7622252,-.92368889
1,7,0,10,57,1,5,1,1,6,1,2.1003847,.41746652
1,6,0,10,4,1,8,1,1,6,1,2.6806831,.41746652
1,7,0,10,4,1,8,1,1,6,1,2.6806831,1.2221597
1,7,12,4,12,0,9,1,1,6,1,2.614305,.015119907
0,10,12,4,12,0,9,0,1,6,1,2.614305,
1,11,12,4,12,0,9,1,1,6,1,2.614305,2.1609685
1,11,10,12,12,1,7,1,1,6,1,2.614305,2.1609685
1,10,10,12,12,1,7,1,1,6,1,2.614305,1.4903909
0,6,10,12,12,1,7,1,1,6,0,2.614305,-1.0578045
1,11,3,5,20,1,5,1,1,6,1,2.700202,2.295084
1,7,2,0,30,1,8,1,1,6,1,2.7048407,1.3562753
0,7,2,0,30,1,8,1,1,6,1,2.7048407,1.4903909
0,7,10,10,50,1,10,1,1,6,1,2.7369266,.68569762
0,9,10,10,50,1,10,1,1,6,1,2.7369266,1.3562753
1,8,10,10,50,1,10,1,1,6,1,2.7369266,1.6245064
0,8,4,10,30,1,9,0,1,6,1,2.6728034,
0,6,4,10,30,1,9,1,1,6,1,2.6728034,1.0880442
0,10,4,10,30,1,9,1,1,6,1,2.6728034,.68569762
1,11,1,6,30,1,5,1,1,6,0,2.6662502,1.3562753
1,11,1,6,30,1,5,1,1,6,1,2.6662502,1.0880442
1,8,0,7,12,1,6,1,1,6,1,2.6468723,1.3562753
0,11,2,0,57,1,12,1,1,6,0,2.1267757,1.2221597
1,9,2,0,57,1,12,1,1,6,1,2.1267757,1.3562753
1,7,2,0,57,1,12,1,1,6,1,2.1267757,.015119907
0,8,0,20,30,1,9,0,1,6,1,2.8673525,
0,6,0,20,30,1,9,1,1,6,1,2.8673525,1.4903909
0,11,0,20,30,1,9,0,1,6,1,2.8673525,
1,8,3,8,40,1,9,1,1,6,1,2.7432957,1.4903909
0,6,3,8,40,1,9,1,1,6,1,2.7432957,.95392871
0,10,4,20,25,1,6,1,1,6,1,2.852668,1.8927375
1,8,4,20,25,1,6,0,1,6,1,2.852668,
1,9,1,0,45,1,9,1,1,6,1,2.9038203,1.3562753
0,7,1,0,45,1,9,1,1,6,1,2.9038203,1.3562753
0,7,4,0,36,0,4,1,1,6,1,2.9064813,1.4903909
1,8,6,10,40,0,8,1,1,6,1,2.7125514,.55158204
1,6,6,10,40,0,8,1,1,6,0,2.7125514,-.92368889
1,10,5,15,30,1,7,1,1,6,1,2.7138062,1.4903909
0,6,5,15,30,1,7,1,1,6,0,2.7138062,-.65545779
0,8,5,15,30,1,7,1,1,6,1,2.7138062,2.295084
0,7,2,10,60,1,14,1,1,6,1,2.9038203,1.2221597
1,6,2,10,60,1,14,1,1,6,1,2.9038203,1.0880442
0,8,1,0,45,1,8,1,1,6,0,2.8867316,.55158204
1,10,1,0,45,1,8,1,1,6,0,2.8867316,.95392871
0,6,0,0,40,1,6,1,1,6,0,2.7848089,-.92368889
0,7,0,0,40,1,6,1,1,6,1,2.7848089,.55158204
0,9,2,20,70,1,10,1,1,6,1,2.7755978,1.4903909
0,11,2,20,70,1,10,1,1,6,1,2.7755978,2.295084
0,7,2,20,70,1,10,0,1,6,1,2.7755978,
1,8,4,5,2,1,11,1,1,6,1,2.7823136,1.4903909
0,9,2,0,40,1,9,0,1,6,1,2.8395565,
0,6,2,0,40,1,9,1,1,6,0,2.8395565,-1.3260355
1,9,6,20,60,1,9,1,1,6,1,2.8962226,2.0268531
1,7,6,20,60,1,9,1,1,6,1,2.8962226,.55158204
0,8,9,20,60,0,15,1,1,6,1,2.9049377,2.1609685
0,9,0,10,60,1,9,1,1,6,1,2.7278533,1.2221597
1,9,6,10,50,1,10,1,1,6,1,2.9312642,1.2221597
0,7,6,10,50,1,10,1,1,6,1,2.9312642,-.25311118
0,9,3,10,35,1,11,1,1,6,0,2.7547524,.68569762
0,8,3,10,35,1,11,1,1,6,1,2.7547524,2.295084
1,11,3,10,35,1,11,1,1,6,1,2.7547524,2.295084
0,10,5,0,36,1,7,0,1,6,1,2.8951931,
0,7,0,25,40,1,6,1,1,6,1,2.7673604,.55158204
1,10,0,25,40,1,6,1,1,6,1,2.7673604,2.295084
0,10,5,12,45,1,9,0,1,6,1,2.7593987,
0,7,5,12,45,1,9,0,1,6,1,2.7593987,
1,7,6,15,31,1,8,1,1,6,1,2.8937812,.81981313
0,8,6,15,31,1,8,1,1,6,1,2.8937812,2.295084
0,7,4,0,45,1,6,1,1,6,1,2.8270178,2.1609685
0,9,4,0,45,1,6,0,1,6,1,2.8270178,
0,8,0,0,30,0,4,1,1,6,1,2.8653624,1.4903909
1,6,6,10,30,0,8,1,1,6,1,2.9201622,.68569762
1,6,5,30,50,0,11,1,1,6,1,2.9153316,.28335097
1,8,5,30,50,0,11,1,1,6,1,2.9153316,2.1609685
0,9,15,0,30,0,9,1,1,6,1,2.7684777,1.8927375
0,6,15,0,30,0,9,1,1,6,1,2.7684777,1.2221597
1,9,4,30,30,1,7,1,1,6,1,2.869293,1.0880442
1,7,4,30,30,1,7,1,1,6,0,2.869293,-1.0578045
0,8,4,0,20,0,6,1,1,6,1,3.6533334,2.295084
0,7,5,25,30,0,10,1,1,6,1,2.9247088,.015119907
1,7,2,5,30,0,12,1,1,6,1,2.9493463,-.65545779
0,9,2,5,30,0,12,1,1,6,1,2.9493463,.41746652
0,9,0,20,12,1,9,1,1,6,0,3.6342759,-.78957331
0,6,0,20,12,1,9,1,1,6,1,3.6342759,-.92368889
1,7,0,20,12,1,9,1,1,6,1,3.6342759,-.25311118
0,9,12,20,20,0,16,1,1,6,1,2.9978082,2.295084
0,7,12,20,20,0,16,1,1,6,1,2.9978082,1.3562753
0,7,12,20,20,0,16,1,1,6,1,2.9978082,1.0880442
1,8,0,0,15,0,7,1,1,6,0,2.9873111,.28335097
0,7,3,20,12,1,12,1,1,6,1,3.0493894,1.2221597
0,7,10,5,30,1,8,1,1,6,1,2.9125879,1.8927375
1,9,10,5,30,1,8,1,1,6,1,2.9125879,2.0268531
0,11,10,5,30,1,8,1,1,6,1,2.9125879,2.295084
0,7,3,3,30,0,7,1,1,6,1,2.9522383,1.2221597
0,11,3,3,30,0,7,1,1,6,1,2.9522383,2.295084
1,8,2,5,35,1,8,1,1,6,1,2.97823,1.3562753
0,6,2,5,35,1,8,0,1,6,1,2.97823,
0,11,3,5,30,1,7,1,1,6,1,3.5528502,.68569762
1,8,3,5,30,1,7,1,1,6,1,3.5528502,-.3872267
1,7,2,5,30,1,13,1,1,6,1,3.6655591,.68569762
1,7,2,5,30,1,13,1,1,6,1,3.6655591,.55158204
0,7,8,9,18,0,15,1,1,6,1,2.8667014,.41746652
1,7,2,10,40,1,8,1,1,6,1,2.9313402,1.4903909
0,9,2,10,40,1,8,1,1,6,1,2.9313402,.55158204
1,6,0,10,15,1,6,1,1,6,1,3.5879107,-.52134228
1,11,0,0,13,1,4,1,1,6,0,3.5711706,-.25311118
0,8,5,5,21,1,10,1,1,6,1,3.6425183,2.295084
0,8,4,3,12,1,7,1,1,6,1,2.8488622,1.0880442
1,6,4,3,12,1,7,1,1,6,1,2.8488622,-.92368889
0,6,4,0,30,1,6,1,1,6,1,2.9252887,.14923544
0,9,1,3,35,1,10,0,1,6,1,2.8329253,
1,6,2,0,14,0,3,0,1,6,1,2.8488622,
0,10,2,0,14,0,3,1,1,6,1,2.8488622,2.1609685
0,10,0,4,30,1,10,1,1,6,1,2.9631691,2.295084
0,7,0,4,30,1,10,1,1,6,1,2.9631691,1.7586219
0,6,2,0,50,1,6,1,1,6,1,3.0070407,-.11899563
0,11,2,0,50,1,6,1,1,6,0,3.0070407,1.3562753
1,7,2,0,50,1,6,1,1,6,1,3.0070407,-.25311118
1,8,10,0,25,0,6,1,1,6,1,3.6540205,.95392871
1,7,3,10,30,1,9,1,1,6,1,3.6964338,.015119907
0,11,3,10,30,1,9,1,1,6,0,3.6964338,1.2221597
0,7,3,50,22,1,10,0,1,6,1,3.6503897,
0,9,3,50,22,1,10,1,1,6,1,3.6503897,2.295084
0,8,5,10,45,1,10,1,1,1,1,2.0936987,2.295084
0,7,5,10,45,1,10,1,1,1,0,2.0936987,.55158204
1,9,5,10,45,1,10,1,1,1,0,2.0936987,-.3872267
0,7,1,0,14,1,7,1,1,1,1,3.0666454,1.2221597
1,11,1,0,14,1,7,1,1,1,1,3.0666454,1.4903909
1,10,2,20,30,1,12,1,1,1,1,3.0468547,.41746652
0,7,2,20,30,1,12,1,1,1,1,3.0468547,.015119907
0,11,7,30,15,1,8,0,1,1,1,2.9994557,
1,8,7,30,15,1,8,1,1,1,1,2.9994557,.81981313
1,8,3,5,40,0,9,1,1,1,1,3.0048385,1.3562753
0,7,2,30,40,1,8,1,1,1,1,2.9686334,1.4903909
0,6,3,5,40,0,9,1,1,1,1,3.0048385,.81981313
1,10,3,5,40,0,9,1,1,1,1,3.0048385,1.4903909
0,9,2,30,40,1,8,1,1,1,0,2.9686334,2.0268531
0,7,10,50,12,0,10,1,1,1,1,2.1303313,2.295084
1,9,10,50,12,0,10,1,1,1,0,2.1303313,2.295084
1,11,5,50,14,0,8,1,1,1,0,2.232887,-.11899563
1,10,6,10,14,1,7,1,1,1,1,3.0666454,.95392871
1,7,6,10,14,1,7,1,1,1,1,3.0666454,.41746652
0,10,5,5,20,1,7,1,1,1,1,3.0048385,2.295084
0,8,5,5,20,1,7,1,1,1,1,3.0048385,1.4903909
0,7,5,5,20,1,7,1,1,1,1,3.0048385,-.11899563
1,10,1,10,20,1,8,1,1,1,1,3.0194507,1.3562753
0,7,1,10,20,1,8,1,1,1,1,3.0194507,1.3562753
1,6,1,10,20,1,8,1,1,1,0,3.0194507,.28335097
1,7,4,15,40,1,10,1,1,1,0,2.0644245,-1.0578045
0,6,4,15,40,1,10,1,1,1,0,2.0644245,-1.1919199
1,11,4,15,40,1,10,1,1,1,0,2.0644245,-.78957331
0,8,4,15,40,1,10,1,1,1,1,2.0644245,2.295084
1,11,8,0,20,0,10,1,1,4,1,3.7252827,.41746652
0,10,8,0,20,0,10,1,1,4,1,3.7252827,1.4903909
1,7,3,5,50,1,8,1,1,4,0,3.786777,-.3872267
1,9,3,5,50,1,8,1,1,4,1,3.786777,1.3562753
0,8,4,10,6,1,9,1,1,4,1,2.9010317,1.2221597
0,10,4,10,6,1,9,1,1,4,1,2.9010317,-.11899563
0,7,4,10,6,1,9,1,1,4,1,2.9010317,-.78957331
1,9,0,0,7,1,9,1,1,4,0,2.7413971,-.92368889
0,9,0,0,7,1,9,1,1,4,0,2.7413971,-.25311118
1,8,5,7,50,0,7,1,1,4,0,3.8979533,-.52134228
1,8,5,7,50,0,7,1,1,4,0,3.8979533,-.25311118
0,7,10,2,50,0,15,1,1,4,1,3.7252827,.68569762
0,9,10,2,50,0,15,1,1,4,1,3.7252827,1.4903909
1,11,10,2,50,0,15,1,1,4,1,3.7252827,1.4903909
1,11,7,0,30,1,20,1,1,4,0,3.786777,-.11899563
1,6,7,0,30,1,20,1,1,4,0,3.786777,-.92368889
1,6,7,0,30,1,20,1,1,4,0,3.786777,-1.0578045
1,8,7,0,30,1,20,1,1,4,0,3.786777,-.25311118
1,8,7,0,30,1,20,1,1,4,1,3.786777,1.4903909
0,9,0,0,12,0,5,1,1,4,1,2.7678804,1.7586219
1,11,0,0,12,0,5,1,1,4,1,2.7678804,-.25311118
1,7,0,10,6,1,10,1,1,4,1,2.9010317,-1.0578045
1,9,0,10,6,1,10,1,1,4,1,2.9010317,.14923544
1,8,0,10,6,1,10,1,1,4,1,2.9010317,-.92368889
1,6,3,1,15,0,5,1,1,4,0,3.9081106,-1.3260355
0,8,0,6,60,1,13,0,1,4,1,3.8692241,
1,11,0,6,60,1,13,1,1,4,0,3.8692241,-.11899563
0,6,0,6,60,1,13,1,1,4,1,3.8692241,.14923544
1,6,0,6,60,1,13,1,1,4,0,3.8692241,-.92368889
0,7,2,3,28,0,5,1,1,4,0,3.8581667,-.92368889
0,11,3,0,10,1,10,1,1,4,1,2.6994996,1.2221597
0,7,3,0,10,1,10,1,1,4,0,2.6994996,.95392871
1,9,3,0,10,1,10,1,1,4,0,2.6994996,.28335097
1,8,0,0,55,1,5,1,1,4,0,3.9001267,-.92368889
1,11,0,0,55,1,5,1,1,4,1,3.9001267,.015119907
0,8,0,3,50,0,5,1,1,4,1,3.911973,.55158204
1,6,2,6,12,0,4,1,1,4,0,3.8942204,-1.3260355
0,9,2,6,12,0,4,1,1,4,0,3.8942204,1.6245064
1,7,3,6,60,0,12,1,1,4,1,3.8393803,.68569762
1,6,3,6,60,0,12,1,1,4,1,3.8393803,-.92368889
0,9,3,6,60,0,12,1,1,4,1,3.8393803,-1.3260355
1,10,3,6,60,0,12,1,1,4,1,3.8393803,-.3872267
0,7,0,0,9,1,7,1,1,4,0,2.5965254,-.65545779
0,9,0,0,9,1,7,1,1,4,0,2.5965254,1.2221597
0,7,6,0,40,1,6,1,1,4,0,2.5965254,.14923544
1,10,6,0,40,1,6,1,1,4,1,2.5965254,1.4903909
0,8,3,0,70,1,8,1,1,4,1,3.9146945,2.295084
0,8,3,8,36,1,6,1,1,4,0,3.8928194,-1.3260355
1,10,3,8,36,1,6,1,1,4,1,3.8928194,1.0880442
1,9,1,10,6,1,9,1,1,4,0,3.7733819,1.2221597
0,9,0,0,55,1,9,1,1,4,1,3.9420679,-.11899563
1,7,0,0,55,1,9,1,1,4,0,3.9420679,-1.3260355
0,6,2,6,20,1,5,1,1,4,0,3.8044918,-1.1919199
0,11,5,10,20,1,7,1,1,4,1,2.7636621,1.7586219
1,7,5,10,40,0,14,1,1,4,0,3.926517,-.92368889
0,8,5,10,40,0,14,1,1,4,1,3.926517,1.4903909
1,7,1,2,40,1,7,1,1,4,0,3.8276706,-.78957331
1,10,1,2,40,1,7,1,1,4,0,3.8276706,.015119907
1,9,3,0,30,1,5,1,1,4,1,3.855994,-.3872267
1,6,5,10,50,1,8,1,1,4,0,3.8054838,-.65545779
1,8,5,10,50,1,8,1,1,4,0,3.8054838,.015119907
0,7,1,5,50,1,9,1,1,4,1,4.3727021,-.11899563
1,11,1,5,50,1,9,1,1,4,1,4.3727021,1.3562753
0,8,1,5,50,1,9,1,1,4,1,4.3727021,1.4903909
1,7,7,5,2,0,15,1,1,4,0,2.7422395,.41746652
0,11,7,5,2,0,15,1,1,4,1,2.7422395,2.295084
1,11,5,20,2,1,8,1,1,4,1,2.7317934,1.0880442
1,9,5,20,2,1,8,1,1,4,1,2.7317934,.95392871
1,7,2,0,20,1,5,1,1,4,1,2.7396615,.14923544
1,11,4,20,7,1,6,1,1,4,1,2.6509726,1.4903909
1,7,4,20,7,1,6,1,1,4,1,2.6509726,-.92368889
0,11,0,5,30,1,6,1,1,4,1,3.9277954,1.4903909
0,6,0,5,30,1,6,1,1,4,1,3.9277954,-.92368889
0,6,2,0,25,0,8,1,1,4,0,3.8950124,-.92368889
1,9,5,2,35,1,10,1,1,4,1,3.8586924,.95392871
0,7,5,2,35,1,10,1,1,4,0,3.8586924,.55158204
0,8,5,2,35,1,10,1,1,4,0,3.8586924,1.0880442
0,8,0,0,6,1,7,1,1,4,1,2.6252489,1.3562753
0,8,1,7,15,1,9,1,1,4,1,2.7388728,-.11899563
1,8,0,5,20,1,10,1,1,4,1,2.6709595,1.3562753
1,6,0,5,20,1,10,1,1,4,1,2.6709595,-.92368889
0,7,0,5,20,1,10,1,1,4,1,2.6709595,-1.0578045
1,7,5,0,5,0,10,1,1,4,1,2.6755681,.14923544
0,7,2,6,30,1,5,1,1,4,1,3.8044918,-.52134228
0,10,6,0,42,1,15,1,1,4,1,3.9122329,.41746652
1,7,6,0,42,1,15,1,1,4,1,3.9122329,1.0880442
1,9,6,0,42,1,15,1,1,4,1,3.9122329,1.2221597
0,7,4,4,35,1,6,1,1,4,1,3.9544013,-.11899563
0,9,4,4,35,1,6,1,1,4,1,3.9544013,1.0880442
0,11,2,0,6,1,8,1,1,4,1,3.7729084,2.0268531
0,7,0,0,20,0,5,1,0,2,1,2.6838124,-.52134228
1,7,0,12,20,1,9,1,0,2,0,2.7428241,-.65545779
1,10,0,12,20,1,9,1,0,2,0,2.7428241,-.78957331
0,6,12,0,20,0,7,1,0,2,0,2.738133,-1.3260355
0,7,12,0,20,0,7,1,0,2,0,2.738133,.015119907
1,11,12,0,20,0,7,1,0,2,0,2.738133,.14923544
1,7,5,2,7,0,8,1,0,2,0,2.6852124,-.78957331
0,9,5,2,7,0,8,1,0,2,0,2.6852124,1.8927375
1,8,2,5,30,1,9,1,0,2,0,2.7194836,-.3872267
0,11,2,5,30,1,9,1,0,2,1,2.7194836,1.6245064
1,7,2,5,30,1,9,1,0,2,0,2.7194836,-.92368889
0,10,2,5,30,1,9,1,0,2,0,2.7194836,-.25311118
1,6,4,20,50,1,9,1,0,2,0,2.6956668,-.52134228
0,7,4,20,50,1,9,1,0,2,0,2.6956668,.55158204
1,7,1,0,25,1,5,1,0,2,0,2.588321,.015119907
1,10,5,10,17,1,7,1,0,2,0,2.7697937,.28335097
0,8,5,10,17,1,7,1,0,2,1,2.7697937,.95392871
1,7,0,10,14,0,8,1,0,2,0,2.8338435,-.3872267
1,8,3,4,50,1,3,1,0,2,0,2.6472144,-.3872267
1,7,4,7,30,1,6,1,0,2,0,2.5685372,-.92368889
0,10,4,7,30,1,6,1,0,2,1,2.5685372,2.295084
1,11,5,20,70,1,9,1,0,2,0,2.7511578,-.11899563
1,10,5,20,70,1,9,1,0,2,0,2.7511578,-.92368889
0,10,5,5,14,1,6,1,0,2,1,2.6741238,1.3562753
0,10,5,7,15,1,5,1,0,2,0,2.764219,1.2221597
0,7,1,0,12,1,5,1,0,2,1,2.6688442,.41746652
1,10,2,7,60,1,6,1,0,2,0,2.6309879,-.11899563
0,10,4,0,40,0,9,1,0,2,0,2.7271173,-.11899563
0,11,4,0,40,0,9,1,0,2,0,2.7271173,1.2221597
0,7,4,0,40,0,9,1,0,2,0,2.7271173,-.92368889
0,6,4,0,40,0,9,1,0,2,0,2.7271173,-1.0578045
1,9,4,0,40,0,9,1,0,2,0,2.7271173,-.52134228
0,11,0,10,10,1,7,1,0,3,1,2.5497825,.68569762
1,11,5,0,60,0,10,1,0,3,0,1.5497757,-.92368889
1,7,0,0,20,1,10,1,0,3,0,1.5581777,-.92368889
0,7,0,0,20,1,15,1,0,3,0,1.5635126,-.92368889
0,7,2,0,10,1,8,0,0,3,0,2.5306847,
1,9,2,0,10,1,8,1,0,3,0,2.5306847,-1.3260355
0,9,0,5,30,1,5,0,0,3,1,3.8629754,
1,6,0,5,30,1,5,1,0,3,0,3.8629754,-.52134228
0,8,0,5,30,1,5,1,0,3,0,3.8629754,-.52134228
1,10,0,5,30,1,5,1,0,3,0,3.8629754,.015119907
0,9,10,10,20,1,9,1,0,3,0,3.953989,2.295084
0,7,10,10,20,1,9,1,0,3,0,3.953989,.81981313
1,7,10,0,20,1,5,1,0,3,0,3.9616592,-.11899563
0,8,0,6,30,1,10,1,0,3,0,2.1349978,-.3872267
0,10,0,5,30,1,7,1,0,3,0,2.1022599,1.0880442
1,6,0,5,30,1,7,1,0,3,0,2.1022599,.68569762
0,7,0,5,30,1,7,1,0,3,0,2.1022599,-.11899563
0,7,10,0,45,1,11,1,0,3,0,3.8975587,-.92368889
0,10,10,0,45,1,11,0,0,3,0,3.8975587,
1,11,10,0,45,1,11,1,0,3,0,3.8975587,-.65545779
1,10,1,6,10,0,6,1,0,3,0,2.5487573,-.92368889
1,7,1,6,10,0,6,1,0,3,0,2.5487573,-1.3260355
0,8,5,7,20,1,6,1,0,3,0,2.54021,2.295084
1,10,5,7,20,1,6,1,0,3,0,2.54021,-.25311118
0,6,2,0,5,0,7,1,0,3,0,2.464433,.14923544
1,7,2,0,5,0,7,1,0,3,0,2.464433,-.3872267
0,7,6,3,40,1,8,1,0,3,0,2.6012611,-.11899563
0,9,6,3,40,1,8,1,0,3,0,2.6012611,-.65545779
0,7,0,10,40,1,17,0,0,3,0,2.4527264,
1,8,0,10,40,1,17,1,0,3,0,2.4527264,-.11899563
1,10,0,0,50,1,8,1,0,3,0,2.5554113,-.3872267
0,7,0,0,50,1,8,1,0,3,0,2.5554113,-.78957331
0,10,2,13,40,1,10,1,0,3,0,2.5501842,-.11899563
0,8,2,13,40,1,10,1,0,3,0,2.5501842,-1.1919199
0,8,2,7,20,1,8,1,0,3,0,2.5204196,1.2221597
1,8,4,3,40,1,3,1,0,3,0,2.5564396,.015119907
1,11,0,4,10,1,7,1,0,3,0,2.5993297,.81981313
1,6,0,4,10,1,7,1,0,3,0,2.5993297,-1.3260355
1,9,0,4,10,1,7,1,0,3,0,2.5993297,.015119907
0,7,8,0,15,1,8,1,0,3,0,2.5136614,1.2221597
0,8,2,5,50,1,7,1,0,3,0,2.4659464,.14923544
1,7,1,5,40,1,8,1,0,3,0,2.2137246,-.78957331
0,9,1,10,40,1,5,1,0,3,0,2.2103968,-.3872267
1,6,1,10,40,1,5,1,0,3,0,2.2103968,-.65545779
0,7,0,0,5,1,4,1,0,3,0,2.5887091,-.3872267
0,8,0,0,45,0,13,1,0,3,0,2.5083461,-.25311118
1,8,2,6,30,1,9,1,0,3,0,2.5366287,.68569762
1,6,2,6,30,1,9,1,0,3,0,2.5366287,-1.3260355
1,10,0,10,25,1,6,1,0,3,0,2.5445318,1.3562753
1,7,0,10,25,1,6,1,0,3,0,2.5445318,1.8927375
0,7,3,16,30,0,18,1,0,3,0,2.5670862,.015119907
0,7,3,16,30,0,18,1,0,3,0,2.5670862,-.25311118
1,10,3,16,30,0,18,1,0,3,0,2.5670862,1.4903909
0,6,15,10,30,0,11,1,0,3,0,2.535481,.14923544
0,9,12,10,30,1,6,1,0,3,0,2.5506074,2.295084
1,8,12,10,30,1,6,1,0,3,0,2.5506074,1.3562753
0,10,12,10,30,1,6,1,0,3,0,2.5506074,.28335097
1,8,0,0,45,0,8,1,0,3,0,2.6100271,-.78957331
0,6,0,0,45,0,8,1,0,3,0,2.6100271,-1.3260355
1,7,0,0,45,0,8,1,0,3,0,2.6100271,-.92368889
0,10,0,12,28,1,9,1,0,3,0,2.5910504,1.0880442
0,11,5,0,45,1,7,1,0,3,0,2.1104894,1.2221597
1,6,5,0,45,1,7,1,0,3,0,2.1104894,-1.3260355
0,7,5,0,45,1,7,1,0,3,0,2.1104894,1.0880442
1,8,5,0,45,1,7,1,0,3,0,2.1104894,-.52134228
0,7,2,10,30,1,10,1,0,3,0,2.5904386,-.92368889
1,9,2,10,30,1,10,1,0,3,0,2.5904386,-.78957331
1,7,2,5,30,1,7,1,0,3,0,2.5204196,-.92368889
0,7,4,0,30,1,5,1,0,3,0,2.4334855,.55158204
0,7,0,0,30,1,6,1,0,3,0,2.5686531,-1.3260355
1,8,2,0,35,1,8,1,0,3,0,2.5166004,.81981313
0,7,2,0,35,1,8,1,0,3,0,2.5166004,-.25311118
0,10,0,5,12,1,6,1,0,7,0,4.3724637,2.1609685
1,8,0,5,12,1,6,1,0,7,0,4.3724637,-.92368889
0,8,2,3,50,1,10,0,0,7,0,4.523241,
0,10,2,3,50,1,10,0,0,7,0,4.523241,
1,9,1,7,30,1,6,1,0,7,1,2.3369889,1.2221597
1,6,1,7,30,1,6,1,0,7,1,2.3369889,-.92368889
0,8,2,12,40,1,9,1,0,7,1,2.183893,1.2221597
0,10,2,12,40,1,9,1,0,7,1,2.183893,1.4903909
0,6,2,12,40,1,9,1,0,7,0,2.183893,-.92368889
0,7,5,0,20,1,10,1,0,7,0,2.4205637,-.78957331
0,7,2,10,45,1,7,1,0,7,0,4.4868093,.41746652
1,10,2,10,45,1,7,1,0,7,0,4.4868093,.55158204
0,8,3,5,10,1,5,1,0,7,1,4.5688095,.95392871
0,10,10,0,45,0,8,1,0,7,1,2.6489949,.95392871
0,7,0,6,50,1,8,1,0,7,1,2.3933768,.81981313
0,8,0,10,1,1,7,1,0,7,1,4.4934988,-.92368889
1,9,12,30,13,0,15,1,0,7,1,2.390574,2.1609685
1,8,12,30,13,0,15,1,0,7,1,2.390574,1.3562753
0,7,12,30,13,0,15,1,0,7,1,2.390574,.41746652
1,11,12,30,13,0,15,1,0,7,1,2.390574,1.3562753
0,8,1,10,20,1,9,1,0,7,1,2.4163573,.41746652
1,9,2,20,30,0,10,1,0,7,0,2.3464906,1.4903909
1,8,2,20,30,0,10,1,0,7,0,2.3464906,-.92368889
0,10,2,20,30,0,10,1,0,7,0,2.3464906,1.2221597
1,7,3,0,40,1,10,1,0,7,0,4.4232879,-.65545779
0,11,3,0,40,1,10,1,0,7,0,4.4232879,1.3562753
0,6,0,0,35,1,7,1,0,7,0,4.4581923,-.92368889
1,9,0,0,35,1,7,1,0,7,0,4.4581923,-.3872267
0,8,1,2,30,1,5,1,0,7,1,4.4945059,-.65545779
1,7,1,0,20,1,9,1,0,7,0,2.4134557,-.92368889
1,6,2,20,20,1,11,1,0,7,1,4.473515,.41746652
1,6,0,5,5,1,6,1,0,7,0,4.4218946,.14923544
0,11,5,10,20,0,6,1,0,7,0,4.4353251,1.6245064
1,10,0,7,10,1,8,1,0,7,1,2.4047182,-.78957331
0,10,0,7,10,1,8,1,0,7,1,2.4047182,-.78957331
1,10,0,2,10,0,6,1,0,7,0,2.4449782,1.4903909
1,7,0,4,10,1,4,1,0,7,0,2.3517764,-1.0578045
0,8,3,10,33,1,7,1,0,7,1,2.3493202,-.78957331
0,6,2,10,50,1,7,1,0,7,1,4.5233455,-.3872267
1,11,2,10,50,1,7,1,0,7,1,4.5233455,-.25311118
1,7,0,5,30,1,7,1,0,7,0,4.4361372,-.52134228
0,6,0,5,30,1,7,1,0,7,0,4.4361372,-.92368889
1,11,0,5,30,1,7,1,0,7,1,4.4361372,-.25311118
0,7,0,0,15,1,6,1,0,7,0,4.3985949,-.25311118
0,8,2,20,45,1,5,1,0,7,0,4.4224043,.81981313
1,6,2,20,45,1,5,1,0,7,0,4.4224043,-.92368889
1,9,2,5,40,1,6,1,0,7,0,2.4060574,-.92368889
0,11,2,5,40,1,6,0,0,7,1,2.4060574,
0,7,2,10,20,0,6,1,0,7,0,4.3698015,-.78957331
1,11,0,10,25,1,8,1,0,7,1,4.5449085,1.8927375
0,10,0,10,25,1,8,1,0,7,1,4.5449085,1.2221597
1,7,0,6,30,1,6,1,0,7,0,4.3818293,-.92368889
1,8,0,6,30,1,6,1,0,7,0,4.3818293,-.78957331
1,6,1,1,4,1,4,1,0,7,0,4.5268555,-.3872267
1,7,6,0,30,1,8,1,0,7,1,4.5099578,-.11899563
1,10,6,0,30,1,8,1,0,7,1,4.5099578,.14923544
1,10,0,7,40,1,10,1,0,7,1,2.4252496,.55158204
1,10,0,6,26,1,8,1,0,7,0,4.4150786,-.65545779
0,8,0,6,26,1,8,1,0,7,1,4.4150786,-.92368889
0,7,0,10,20,1,9,1,0,7,0,4.4353251,-.92368889
1,7,4,10,20,0,12,1,0,7,1,4.4934988,-.92368889
1,9,4,10,20,0,12,1,0,7,1,4.4934988,-.25311118
1,11,4,10,20,0,12,1,0,7,1,4.4934988,-.11899563
0,6,0,7,3,1,7,1,0,7,0,2.4338679,-.92368889
1,11,0,7,3,1,7,1,0,7,1,2.4338679,.14923544
0,11,0,10,30,1,9,1,0,7,0,4.5852971,2.295084
1,6,0,10,30,1,9,1,0,7,0,4.5852971,-.78957331
0,7,0,10,30,1,9,1,0,7,0,4.5852971,-.11899563
1,8,16,10,35,0,7,1,0,7,1,4.5697012,1.2221597
0,6,16,10,35,0,7,1,0,7,1,4.5697012,-.92368889
1,8,0,15,37,0,10,1,0,7,0,2.3375154,1.6245064
0,7,0,15,37,0,10,1,0,7,0,2.3375154,1.4903909
0,8,1,40,75,1,9,1,0,7,1,2.3942609,.14923544
0,10,10,20,50,1,14,1,0,7,0,4.5885019,.28335097
0,8,10,20,50,1,14,1,0,7,0,4.5885019,-.25311118
0,10,2,20,33,1,11,1,0,7,0,4.369575,1.2221597
0,7,2,20,33,1,11,1,0,7,0,4.369575,-.78957331
0,9,1,20,50,1,7,1,0,7,0,4.4652119,-.52134228
1,11,1,20,50,1,7,1,0,7,0,4.4652119,1.2221597
0,7,1,0,13,0,5,1,0,7,1,4.4140372,-.25311118
0,10,5,5,35,1,8,1,0,7,1,2.3818598,2.1609685
1,8,5,5,35,1,8,1,0,7,1,2.3818598,.14923544
1,11,6,6,60,1,10,1,0,7,1,2.4105182,-.25311118
1,10,6,6,60,1,10,1,0,7,1,2.4105182,-.92368889
1,7,4,6,7,1,7,1,0,7,1,4.5576158,1.4903909
0,8,4,6,7,1,7,1,0,7,1,4.5576158,1.3562753
1,6,1,15,65,1,12,1,0,7,1,4.6149888,-1.3260355
1,8,0,0,60,1,13,1,0,7,0,4.5254426,.68569762
0,8,0,0,60,1,13,1,0,7,0,4.5254426,-.92368889
0,10,0,0,60,1,13,1,0,7,0,4.5254426,-.11899563
0,7,0,0,60,1,13,1,0,7,0,4.5254426,-1.0578045
0,7,0,0,60,1,13,1,0,7,0,4.5254426,-1.1919199
0,11,0,15,30,1,5,1,0,7,0,2.4127996,2.0268531
0,7,0,0,15,1,8,1,0,7,0,2.4164615,-.92368889
1,6,3,10,40,1,9,1,0,2,1,1.8895127,-.92368889
1,8,3,10,40,1,9,1,0,2,0,1.8895127,2.1609685
0,7,3,20,40,1,10,1,0,2,1,1.9013553,-.52134228
1,11,3,20,40,1,10,1,0,2,0,1.9013553,-.65545779
0,6,3,20,40,1,10,1,0,2,1,1.9013553,.28335097
1,7,3,8,15,0,5,1,0,2,0,1.9094373,-.78957331
1,7,0,10,20,1,10,1,0,2,1,1.9013553,.14923544
1,7,0,10,20,1,10,1,0,2,1,1.9013553,-.11899563
0,6,0,10,20,1,10,1,0,2,1,1.9013553,-1.1919199
1,6,10,0,35,0,5,1,0,2,1,1.9140427,-1.1919199
1,7,4,5,40,0,12,1,0,2,1,1.7497207,.015119907
1,10,4,5,40,0,12,1,0,2,0,1.7497207,.14923544
0,6,4,5,40,0,12,1,0,2,1,1.7497207,.55158204
0,11,0,0,20,1,10,1,0,2,1,2.1367207,1.7586219
0,7,0,0,20,1,10,1,0,2,1,2.1367207,1.3562753
1,8,0,0,20,1,10,1,0,2,1,2.1367207,-.65545779
0,7,2,8,30,1,6,1,0,2,1,1.8934222,1.4903909
0,10,2,8,30,1,6,1,0,2,1,1.8934222,2.1609685
1,10,5,10,45,1,12,1,0,2,1,1.8960664,-.65545779
1,7,1,5,30,1,8,1,0,2,1,1.8960664,-.3872267
1,6,5,10,45,1,12,1,0,2,0,1.8960664,-1.3260355
0,6,2,0,35,1,9,1,0,2,1,1.8780411,-.92368889
1,7,2,0,35,1,9,1,0,2,1,1.8780411,-.65545779
0,10,2,0,35,1,9,1,0,2,1,1.8780411,2.295084
1,8,0,10,30,1,7,1,0,2,1,1.904891,-1.0578045
1,10,0,10,30,1,7,1,0,2,1,1.904891,-.92368889
1,7,0,0,20,0,8,1,0,2,1,1.8934222,.28335097
0,7,0,0,50,1,8,1,0,2,1,1.9355127,-.65545779
0,9,2,6,5,1,5,0,0,2,1,2.0193284,
0,10,2,10,35,1,6,1,0,2,1,2.0084536,1.2221597
1,9,2,10,35,1,6,1,0,2,1,2.0084536,1.0880442
0,8,0,50,25,1,12,1,0,2,1,2.0142808,.28335097
1,9,0,50,25,1,12,1,0,2,1,2.0142808,-.52134228
0,11,0,50,25,1,12,1,0,2,1,2.0142808,2.295084
0,7,0,0,20,0,7,1,0,2,1,2.0245163,-.3872267
1,9,0,0,20,0,7,1,0,2,0,2.0245163,-1.3260355
0,9,2,8,12,1,4,1,0,2,1,2.0209429,.41746652
1,7,2,30,70,1,7,1,0,2,0,1.9625589,-.78957331
1,6,2,30,70,1,7,1,0,2,0,1.9625589,-1.3260355
1,8,0,10,35,1,8,1,0,2,1,1.9241539,-.92368889
1,10,0,10,35,1,8,1,0,2,1,1.9241539,.14923544
1,10,1,20,20,1,10,1,0,2,1,3.7347379,.015119907
0,8,1,20,20,1,10,1,0,2,1,3.7347379,.95392871
0,11,1,20,20,1,10,0,0,2,1,3.7347379,
1,10,0,20,10,0,8,1,0,2,1,1.9333478,-.25311118
0,11,0,20,10,0,8,1,0,2,1,1.9333478,-.11899563
0,8,0,20,10,0,8,1,0,2,1,1.9333478,.41746652
0,8,10,15,66,1,8,1,0,2,1,2.0352399,.81981313
1,6,10,15,66,1,8,1,0,2,1,2.0352399,-.92368889
1,11,1,10,25,1,10,1,0,2,0,2.0445409,1.3562753
1,7,1,10,25,1,10,1,0,2,1,2.0445409,-1.1919199
0,8,1,10,25,1,10,1,0,2,1,2.0445409,-.3872267
0,10,1,10,25,1,10,1,0,2,1,2.0445409,1.4903909
0,7,3,10,20,1,6,1,1,12,1,3.214797,1.2221597
1,9,3,10,20,1,6,1,1,12,1,3.214797,1.3562753
1,6,10,7,37,1,8,1,1,12,1,4.1644592,-.78957331
1,10,10,7,37,1,8,1,1,12,0,4.1644592,-.11899563
0,7,10,7,37,1,8,1,1,12,1,4.1644592,.81981313
0,9,1,5,33,1,6,1,1,12,1,4.1800632,1.4903909
1,7,1,5,33,1,6,1,1,12,0,4.1800632,-.78957331
0,8,20,4,4,0,8,1,1,12,1,4.229836,1.0880442
1,7,20,4,4,0,8,1,1,12,1,4.229836,-.92368889
0,10,20,4,4,0,8,1,1,12,1,4.229836,1.4903909
0,9,3,0,32,1,5,1,1,12,1,4.0480256,1.2221597
1,10,3,0,32,1,5,1,1,12,1,4.0480256,.95392871
0,7,0,0,10,1,3,1,1,12,1,3.3285718,1.2221597
1,9,2,2,38,1,7,1,1,12,1,3.0549231,.55158204
1,8,2,0,26,0,4,0,1,12,1,3.0375175,
1,7,3,1,35,0,6,1,1,12,1,4.1102734,-.25311118
1,9,3,1,35,0,6,1,1,12,0,4.1102734,-.11899563
0,7,0,0,30,1,13,0,1,12,1,4.0868144,
1,10,0,0,30,1,13,1,1,12,1,4.0868144,.015119907
0,10,0,3,20,0,7,1,1,12,0,4.0643759,-.92368889
0,6,0,3,20,0,7,1,1,12,1,4.0643759,1.4903909
1,8,0,15,20,1,10,1,1,12,0,4.062326,-.65545779
0,11,0,4,19,1,10,1,1,12,1,3.1985567,1.2221597
0,7,0,4,19,1,10,1,1,12,1,3.1985567,1.3562753
0,9,0,4,19,1,10,1,1,12,1,3.1985567,-.65545779
1,7,7,20,7,1,8,1,1,12,1,4.1101956,1.2221597
1,10,8,20,20,1,10,1,1,12,0,4.0721107,-.25311118
0,11,4,3,25,0,8,1,1,12,1,4.0505638,1.3562753
0,7,4,3,25,0,8,1,1,12,1,4.0505638,.81981313
0,6,4,3,25,0,8,1,1,12,1,4.0505638,1.3562753
1,10,6,10,50,1,5,1,1,12,1,3.9687848,1.3562753
1,6,11,0,37,1,6,1,1,12,1,3.3936012,-.65545779
0,7,11,0,37,1,6,1,1,12,1,3.3936012,1.2221597
1,7,4,7,20,1,5,1,1,12,0,3.211194,-.65545779
1,7,12,15,5,0,8,1,1,12,1,3.1505272,1.3562753
1,11,12,15,5,0,8,1,1,12,1,3.1505272,1.0880442
0,6,5,2,35,1,7,1,1,12,1,3.2775338,-1.3260355
1,11,5,2,35,1,7,1,1,12,1,3.2775338,1.2221597
0,8,5,2,35,1,7,1,1,12,1,3.2775338,.81981313
0,9,3,2,30,1,9,1,1,12,1,3.0939004,1.4903909
0,7,3,2,30,1,9,1,1,12,1,3.0939004,-.25311118
1,11,3,2,30,1,9,1,1,12,1,3.0939004,1.4903909
0,7,2,0,40,1,5,1,1,12,1,3.2466605,1.4903909
1,9,0,5,20,1,4,1,1,12,1,3.214797,1.3562753
1,7,2,3,40,1,10,1,1,12,1,3.1802344,.015119907
0,10,6,0,50,1,8,1,1,12,1,3.1802344,1.4903909
1,7,6,0,50,1,8,1,1,12,1,3.1802344,-.25311118
0,6,3,6,40,1,5,0,1,12,1,3.0955141,
1,8,5,6,33,0,6,1,1,12,1,3.2877729,1.0880442
1,11,4,6,14,0,4,1,1,12,1,3.0485044,1.4903909
0,10,4,6,14,0,4,1,1,12,1,3.0485044,1.7586219
1,11,2,6,60,0,9,1,1,12,1,3.0773056,1.4903909
1,7,2,6,60,0,9,1,1,12,1,3.0773056,-.78957331
1,9,2,6,60,0,9,1,1,12,1,3.0773056,1.3562753
1,11,8,6,36,0,10,1,1,12,1,3.0773056,1.3562753
1,9,8,6,36,0,10,1,1,12,1,3.0773056,.55158204
1,7,8,6,36,0,10,1,1,12,1,3.0773056,-.78957331
0,10,2,6,30,1,7,1,1,12,0,3.7112594,.81981313
0,9,5,9,50,1,8,1,1,12,0,3.7560256,-.25311118
0,7,5,9,50,1,8,1,1,12,0,3.7560256,-.52134228
1,11,1,3,20,1,6,1,1,12,1,3.9107563,1.0880442
1,8,2,3,20,1,8,1,1,12,1,3.9038143,1.4903909
1,6,2,3,20,1,8,1,1,12,0,3.9038143,-1.1919199
1,10,2,2,35,1,5,1,1,12,1,3.9105358,.95392871
1,7,6,2,56,0,7,1,1,12,1,3.8170984,.95392871
1,6,1,3,14,1,6,1,1,12,1,4.0946541,.68569762
0,8,1,4,1,1,7,1,1,12,0,3.7072825,1.0880442
1,6,1,4,1,1,7,1,1,12,0,3.7072825,-1.1919199
1,7,3,10,35,1,9,1,1,12,1,3.5523221,.81981313
0,10,3,10,35,1,9,1,1,12,1,3.5523221,2.0268531
0,8,3,10,35,1,9,0,1,12,0,3.5523221,
0,7,7,0,14,1,5,1,1,12,1,3.6944048,.95392871
1,9,7,0,14,1,5,1,1,12,1,3.6944048,1.3562753
1,7,8,6,20,1,6,1,1,12,0,3.6888366,-.52134228
0,9,4,6,50,1,8,1,1,12,0,3.5101359,.14923544
0,7,4,6,50,1,8,1,1,12,1,3.5101359,.015119907
1,9,8,10,40,1,10,1,1,12,1,3.5101359,1.0880442
1,9,0,4,70,1,8,1,1,12,1,3.8942401,.95392871
0,6,1,0,1,1,3,1,1,12,0,3.8937676,-1.1919199
0,10,2,0,50,1,6,1,1,12,0,4.0140815,.55158204
0,7,2,0,50,1,6,1,1,12,0,4.0140815,-.25311118
1,8,12,4,30,0,8,1,1,12,1,4.076859,.95392871
0,7,12,4,30,0,8,1,1,12,1,4.076859,-.65545779
1,10,12,4,30,0,8,1,1,12,0,4.076859,-.3872267
1,11,3,0,40,1,12,1,1,12,1,3.6978791,.41746652
1,7,3,0,40,1,12,1,1,12,1,3.6978791,-.65545779
1,8,3,7,30,1,8,1,1,12,1,3.690202,.015119907
0,10,0,0,30,1,5,1,1,12,1,3.6947124,1.2221597
1,7,0,0,30,1,5,0,1,12,0,3.6947124,
0,10,10,7,50,0,7,1,1,12,0,3.7854702,1.3562753
0,11,10,7,50,0,7,1,1,12,1,3.7854702,1.3562753
1,8,10,7,50,0,7,1,1,12,1,3.7854702,.81981313
0,7,10,7,50,0,7,1,1,12,0,3.7854702,-.92368889
1,7,5,5,25,1,18,1,1,12,1,3.9197977,.68569762
0,10,5,5,25,1,18,1,1,12,1,3.9197977,2.295084
1,8,5,5,25,1,18,1,1,12,1,3.9197977,.95392871
1,9,1,3,14,1,8,1,1,12,1,4.0946541,.95392871
1,6,1,3,14,1,8,1,1,12,0,4.0946541,-1.0578045
0,10,0,5,40,0,5,1,1,12,1,3.7130575,1.8927375
1,9,0,5,40,0,5,1,1,12,1,3.7130575,1.4903909
0,10,9,10,37,0,8,1,1,12,1,3.7130575,2.295084
1,7,9,10,37,0,8,1,1,12,0,3.7130575,-.3872267
0,10,2,5,33,1,5,0,1,12,1,3.5523221,
0,10,4,4,40,1,8,0,1,12,0,3.7671654,
0,9,4,4,40,1,8,1,1,12,0,3.7671654,.55158204
0,6,0,10,50,1,10,1,1,12,0,3.7231293,-.92368889
0,8,0,10,50,1,10,1,1,12,0,3.7231293,1.3562753
1,10,0,10,50,1,10,1,1,12,1,3.7231293,1.4903909
0,8,0,15,16,1,6,1,1,12,0,3.6857924,-.92368889
1,11,0,15,60,0,4,1,1,12,1,3.6823645,1.4903909
0,6,0,0,25,1,10,1,1,12,0,3.7118993,1.0880442
1,11,0,0,25,1,10,1,1,12,1,3.7118993,1.3562753
0,8,0,0,25,1,10,1,1,12,0,3.7118993,.95392871
1,9,0,4,40,1,8,1,1,12,1,4.0897856,1.0880442
0,7,0,4,40,1,8,1,1,12,0,4.0897856,-.78957331
1,6,6,0,10,1,4,1,1,12,0,3.8641651,-.65545779
0,8,8,0,30,0,9,1,1,12,1,3.8607049,1.2221597
1,6,8,0,30,0,9,1,1,12,0,3.8607049,-1.3260355
0,9,3,2,50,1,4,1,1,12,1,3.8003664,.95392871
0,9,3,0,13,1,7,1,1,12,1,3.7652676,2.295084
1,10,3,0,13,1,7,1,1,12,1,3.7652676,1.0880442
0,10,3,10,30,1,8,0,1,12,1,3.8217547,
1,8,3,10,30,1,8,1,1,12,1,3.8217547,1.4903909
0,9,3,10,30,1,8,1,1,12,1,3.8217547,2.0268531
0,11,4,2,50,1,6,1,1,12,0,3.8561819,-.25311118
1,8,4,2,50,1,6,1,1,12,0,3.8561819,-.92368889
0,10,0,15,15,1,7,0,1,12,1,3.9655859,
1,7,0,15,15,1,7,1,1,12,0,3.9655859,-1.0578045
1,9,6,2,40,0,8,1,1,12,1,3.8267803,1.2221597
0,8,6,2,40,0,8,1,1,12,1,3.8267803,2.295084
1,8,0,10,60,1,6,1,1,12,1,3.9034777,-.3872267
0,6,1,0,20,1,17,1,1,12,0,3.8852389,-1.1919199
1,8,1,0,20,1,17,1,1,12,1,3.8852389,.68569762
1,8,4,3,20,1,8,0,1,12,1,3.8296258,
1,10,4,3,20,1,8,1,1,12,1,3.8296258,1.4903909
1,7,0,10,50,0,13,1,1,12,0,3.9966695,-.92368889
0,9,0,10,50,0,13,1,1,12,0,3.9966695,.68569762
1,7,3,2,40,1,10,1,1,12,1,4.0057235,-.52134228
1,9,1,0,14,1,7,1,1,12,1,4.0946541,.95392871
0,7,1,0,14,1,7,1,1,12,0,4.0946541,-.92368889
0,7,0,0,30,0,8,1,1,12,1,2.0681524,1.0880442
0,6,6,0,20,0,7,1,1,12,0,2.9020464,-.92368889
0,10,6,0,20,0,7,1,1,12,1,2.9020464,.81981313
0,7,7,10,16,1,5,0,1,12,0,2.3453307,
0,6,0,6,15,1,7,1,1,12,0,1.9313567,-.92368889
0,8,3,4,50,1,5,1,1,12,1,2.1029358,.81981313
0,10,0,2,15,0,6,1,1,12,1,2.0987585,1.3562753
1,7,0,2,15,0,6,1,1,12,0,2.0987585,-.92368889
1,6,2,10,20,1,16,1,1,12,1,2.8995461,1.4903909
1,8,2,10,20,1,16,1,1,12,1,2.8995461,1.4903909
0,10,2,10,20,1,16,1,1,12,1,2.8995461,1.4903909
0,11,0,5,10,1,5,0,1,12,1,2.086442,
0,10,1,2,60,1,4,1,1,12,1,2.8552012,1.2221597
1,11,10,2,13,0,6,1,1,12,1,2.1191616,1.3562753
0,7,10,2,13,0,6,1,1,12,0,2.1191616,.28335097
0,9,10,2,13,0,6,1,1,12,1,2.1191616,1.6245064
0,11,6,5,44,1,5,1,1,12,1,2.1024423,1.4903909
0,8,2,0,30,1,4,1,1,12,1,2.8105757,1.3562753
1,6,0,7,30,1,6,1,1,12,0,.41822025,-1.3260355
0,10,0,7,30,1,6,1,1,12,1,.41822025,1.4903909
0,8,3,0,45,1,3,0,1,12,1,.31061676,
1,7,2,10,30,1,10,1,1,12,1,.11700484,-.92368889
0,9,2,10,30,1,10,1,1,12,1,.11700484,-.25311118
0,10,2,10,30,1,10,1,1,12,1,.11700484,.95392871
1,7,6,5,13,0,6,1,1,12,1,.37688318,1.2221597
1,10,2,4,50,1,8,1,1,12,1,.28965572,1.4903909
1,6,1,2,15,1,6,1,1,12,0,.26395479,-1.1919199
0,9,1,2,15,1,6,1,1,12,1,.26395479,1.3562753
0,9,0,5,40,1,7,1,1,12,1,.90903145,1.3562753
1,8,0,2,20,1,5,1,1,12,1,.49567187,.55158204
1,6,2,0,40,1,5,1,1,12,1,.28754887,-.65545779
0,7,1,0,30,1,6,1,1,12,1,.26476797,-.3872267
0,10,3,0,35,1,8,1,1,12,1,.78115618,1.4903909
1,10,0,0,37,1,7,1,1,12,1,.31061676,.81981313
1,8,10,10,30,1,7,0,1,12,1,.12069096,
0,7,10,6,30,0,5,1,1,12,1,.71109247,2.0268531
1,8,5,5,10,1,9,1,1,12,1,.70830643,1.3562753
0,6,7,5,25,1,5,1,1,12,0,.70830643,-1.3260355
1,10,3,4,40,1,5,1,1,12,0,.0938944,-.25311118
1,8,3,4,40,1,5,1,1,12,1,.0938944,-.65545779
0,10,3,12,60,1,6,1,1,12,1,.44962999,1.4903909
1,6,3,12,60,1,6,1,1,12,0,.44962999,-1.1919199
0,7,0,15,27,0,5,1,1,12,1,.32894054,1.4903909
0,8,.5,0,50,1,7,1,1,12,1,.08197622,1.0880442
0,10,.5,0,50,1,7,0,1,12,1,.08197622,
0,6,0,7,70,1,9,1,1,12,1,1.0233787,.41746652
0,10,0,7,70,1,9,1,1,12,1,1.0233787,1.7586219
1,6,3,15,50,1,9,1,1,12,0,.63967693,-1.3260355
1,10,3,15,50,1,9,1,1,12,0,.63967693,.14923544
1,10,0,7,70,1,7,1,1,12,1,.44291434,.68569762
1,7,0,7,70,1,7,1,1,12,0,.44291434,-1.1919199
1,8,2,10,32,1,5,0,1,12,1,.10960637,
0,9,2,10,60,1,7,1,1,12,1,.47456565,.68569762
0,7,1,5,40,1,5,1,1,12,0,.47868708,-1.1919199
0,9,1,0,20,1,7,1,1,12,1,.47868708,.68569762
1,7,0,0,40,1,7,1,1,12,0,.28754887,-.65545779
1,8,0,0,40,1,7,1,1,12,1,.28754887,-.92368889
1,10,0,5,25,0,14,1,1,12,1,.24057417,.81981313
0,6,0,5,25,0,14,1,1,12,0,.24057417,-.65545779
0,9,0,5,25,0,14,1,1,12,1,.24057417,2.295084
0,6,0,0,40,1,6,1,1,12,0,.26395479,-1.1919199
1,10,0,12,50,1,8,1,1,12,1,.71663046,.015119907
1,8,3,5,30,1,5,1,1,12,1,.77664673,.55158204
0,7,3,0,14,1,12,1,1,12,1,.05531748,.81981313
1,9,3,5,50,1,10,1,1,12,1,.13998787,1.4903909
0,10,3,5,50,1,10,0,1,12,1,.13998787,
1,8,3,5,50,1,10,1,1,12,1,.13998787,-.25311118
0,8,0,3,30,1,5,1,1,12,1,.6937713,.81981313
1,9,5,3,30,1,10,1,1,12,1,.0938944,.95392871
0,8,5,3,30,1,10,1,1,12,1,.0938944,2.1609685
0,8,5,6,40,0,6,1,1,12,1,.73888224,.55158204
1,6,4,20,59,0,15,1,1,12,0,.38007602,-1.1919199
1,8,4,20,59,0,15,1,1,12,1,.38007602,-.92368889
0,7,0,3,15,1,8,1,1,12,1,.39228544,1.0880442
1,7,0,3,16,1,6,1,1,12,0,.39228544,-.92368889
1,9,0,0,28,1,5,1,1,12,0,.58518362,-.92368889
1,10,0,0,40,1,3,1,1,12,0,.57117343,-.92368889
1,8,7,3,50,1,9,1,1,12,0,.11466248,-.3872267
1,7,5,4,38,1,5,0,1,12,0,.11466248,
1,8,4,0,50,1,5,1,0,14,0,3.0495424,-.92368889
0,9,1,6,50,0,10,1,0,14,1,2.9368036,2.1609685
1,9,1,6,50,0,10,1,0,14,0,2.9368036,.015119907
0,7,1,0,15,1,4,1,0,14,0,2.8939738,-.92368889
1,11,1,0,15,1,4,1,0,14,0,2.8939738,1.4903909
0,9,0,0,45,1,6,1,0,14,0,2.8965685,-.92368889
0,7,0,0,45,0,6,1,0,14,0,2.8907273,-1.3260355
1,10,0,0,45,0,6,1,0,14,0,2.8907273,-.52134228
0,10,0,2,30,0,6,1,0,14,1,2.8907273,1.4903909
0,7,0,2,30,0,6,1,0,14,0,2.8907273,-.3872267
0,11,10,2,10,0,7,1,0,14,0,2.9126804,.81981313
1,7,10,2,10,0,7,1,0,14,0,2.9126804,-.11899563
1,7,4,0,13,1,18,1,0,14,0,2.8132911,-1.3260355
0,10,4,0,13,1,18,1,0,14,0,2.8132911,1.6245064
1,7,0,4,40,1,8,1,0,14,0,2.9925561,-.78957331
0,8,0,4,40,1,8,1,0,14,0,2.9925561,-.11899563
1,9,0,4,40,1,8,1,0,14,0,2.9925561,-.11899563
0,9,3,5,10,0,10,1,0,14,1,3.0281618,2.0268531
1,7,3,5,10,0,10,1,0,14,0,3.0281618,-.92368889
0,10,3,5,10,0,10,1,0,14,1,3.0281618,2.1609685
0,10,0,0,20,0,5,1,0,14,0,2.7658532,-.25311118
0,8,0,0,30,0,5,1,0,14,0,2.7775483,-.25311118
1,6,0,0,30,0,5,1,0,14,0,2.7775483,-.78957331
0,8,1,5,10,1,6,1,0,14,1,1.1675878,1.4903909
1,7,0,5,20,0,7,1,0,14,0,2.8102388,-.52134228
0,10,0,5,20,0,7,0,0,14,0,2.8102388,
1,9,0,0,3,0,7,1,0,14,1,1.2953923,-.3872267
0,6,3,0,31,0,6,0,0,14,1,3.0163746,
0,7,3,0,31,0,6,1,0,14,0,3.0163746,1.2221597
1,7,0,0,7,1,6,1,0,14,0,2.6676431,-.92368889
0,7,0,0,1,1,6,0,0,14,0,2.2305918,
1,8,1,0,12,1,9,1,0,14,0,2.8921597,-.92368889
0,6,1,0,12,1,9,1,0,14,0,2.8921597,-.92368889
0,8,0,5,55,1,4,1,0,14,0,2.6017182,-.52134228
1,6,0,2,20,0,7,1,0,14,0,2.7742114,-1.1919199
0,11,0,2,20,0,7,1,0,14,1,2.7742114,1.4903909
1,10,0,2,20,0,7,1,0,14,0,2.7742114,.015119907
0,8,4,2,45,0,9,1,0,14,1,1.1675878,-.25311118
1,10,3,0,54,1,6,1,0,14,0,2.8580613,-.78957331
0,6,0,0,25,0,5,1,0,14,0,2.5859747,-.92368889
0,9,0,0,25,0,5,0,0,14,0,2.5859747,
1,10,0,0,10,1,6,1,0,14,0,2.30603,-.65545779
1,9,5,0,30,0,6,1,0,14,0,2.6074202,-.78957331
1,11,5,0,30,0,6,1,0,14,0,2.6074202,-.52134228
0,7,5,10,30,0,15,1,0,14,1,2.8430901,1.3562753
0,9,0,0,30,0,5,1,0,14,0,2.8309312,-.25311118
1,7,0,4,20,1,3,1,0,14,0,2.765135,-.52134228
0,10,0,3,20,1,10,1,0,14,1,2.7742114,1.4903909
0,6,0,3,20,1,10,1,0,14,0,2.7742114,.015119907
1,8,0,3,20,1,10,1,0,14,0,2.7742114,-.52134228
0,10,12,20,1,0,6,1,0,13,1,3.4858551,2.295084
0,7,12,20,1,0,6,1,0,13,0,3.4858551,.95392871
0,7,5,4,35,1,4,1,0,13,0,3.4796076,-.52134228
0,9,5,4,35,1,4,1,0,13,1,3.4796076,1.0880442
0,10,10,0,20,0,6,1,0,13,0,3.5813143,-.52134228
0,6,10,0,20,0,6,1,0,13,0,3.5813143,-.65545779
0,9,0,0,20,0,7,1,0,13,0,3.3199205,-.11899563
0,11,0,0,20,0,7,1,0,13,0,3.3199205,1.2221597
1,8,0,0,20,0,7,1,0,13,0,3.3199205,-.52134228
0,7,0,0,30,1,7,1,0,13,0,3.5055315,-.52134228
1,11,0,0,30,1,7,1,0,13,0,3.5055315,-.52134228
1,9,5,3,16,1,9,1,0,13,0,3.4941068,-.52134228
0,10,6,10,40,1,7,1,0,13,1,3.4253571,1.7586219
1,6,6,10,40,1,7,1,0,13,0,3.4253571,-.92368889
1,8,6,10,40,1,7,1,0,13,0,3.4253571,-.25311118
0,11,6,10,40,1,7,1,0,13,1,3.4253571,-.3872267
1,11,0,0,50,1,10,1,0,13,0,3.4253571,1.4903909
0,8,5,0,30,1,6,0,0,13,0,3.4816747,
0,6,5,0,30,1,6,0,0,13,0,3.4816747,
0,9,6,0,16,0,8,1,0,13,0,3.4816747,-.11899563
0,11,6,0,16,0,8,1,0,13,1,3.4816747,1.4903909
0,7,6,0,16,0,8,1,0,13,0,3.4816747,-.65545779
0,7,15,0,28,0,6,1,0,13,1,3.4224355,1.2221597
1,6,5,0,12,0,9,1,0,13,0,3.5641482,-.65545779
0,11,5,0,12,0,9,1,0,13,0,3.5641482,.14923544
1,8,5,0,12,0,9,1,0,13,0,3.5641482,-.3872267
0,10,2,0,20,0,8,0,0,13,1,3.5084858,
0,7,2,0,20,0,8,0,0,13,1,3.5084858,
1,7,0,5,14,0,3,1,0,13,0,3.413487,-.52134228
1,8,2,6,20,1,6,1,0,13,0,3.396184,-.92368889
0,7,0,1,12,1,5,1,0,13,0,3.4292808,-.3872267
0,7,12,10,20,0,9,1,0,13,1,3.4379847,.41746652
0,10,12,10,20,0,9,1,0,13,1,3.4379847,1.4903909
0,10,6,5,35,0,7,1,0,13,1,3.4154291,1.7586219
1,6,6,5,35,0,7,1,0,13,0,3.4154291,-.78957331
0,10,0,2,20,1,5,1,0,13,0,3.1512313,.55158204
0,10,0,0,30,1,5,1,0,13,0,3.5325439,-.92368889
0,7,0,0,30,1,5,1,0,13,0,3.5325439,-.92368889
0,10,0,0,15,0,6,1,0,13,1,3.4193676,1.0880442
1,7,0,0,20,1,7,1,0,13,0,3.1690118,-.92368889
0,10,0,0,20,1,7,1,0,13,0,3.1690118,-.92368889
1,7,3,2,16,0,6,1,0,13,0,3.5116668,-.92368889
0,10,3,2,16,0,6,1,0,13,0,3.5116668,-.11899563
0,6,1,4,16,1,6,1,0,15,0,2.0054741,-.92368889
1,9,1,4,16,1,6,1,0,15,0,2.0054741,-.11899563
1,7,1,4,16,1,6,1,0,15,0,2.0054741,-.11899563
1,8,5,0,33,0,7,1,0,15,0,1.9724331,-.25311118
0,6,5,0,33,0,7,1,0,15,0,1.9724331,-.25311118
0,9,5,0,33,0,7,1,0,15,0,1.9724331,1.6245064
0,9,0,10,50,1,5,1,0,15,0,1.810493,-.25311118
1,6,0,10,50,1,5,1,0,15,0,1.810493,-.65545779
0,7,0,0,56,1,8,1,0,15,0,1.972032,.015119907
0,8,0,0,56,1,8,1,0,15,0,1.972032,.14923544
0,6,0,0,56,1,8,1,0,15,0,1.972032,-1.0578045
0,11,0,0,56,1,8,1,0,15,0,1.972032,1.8927375
0,11,1,30,14,1,8,1,0,15,1,1.9770286,2.0268531
1,6,1,30,14,1,8,1,0,15,0,1.9770286,-.78957331
0,9,1,30,14,1,8,1,0,15,0,1.9770286,1.3562753
1,11,2,5,45,1,7,1,0,15,0,1.979594,-.11899563
0,8,2,5,45,1,7,1,0,15,0,1.979594,-.11899563
0,6,2,5,45,1,7,1,0,15,0,1.979594,-1.3260355
1,7,3,0,32,1,6,1,0,15,0,2.0094767,-.92368889
1,9,3,0,32,1,6,1,0,15,0,2.0094767,-.11899563
0,11,0,0,6,1,7,1,0,15,1,3.158932,.28335097
0,10,0,0,6,1,7,1,0,15,1,3.158932,1.8927375
0,6,0,0,6,1,7,1,0,15,0,3.158932,-.52134228
1,9,3,6,17,1,10,1,0,15,0,3.1808481,-.3872267
1,8,3,6,17,1,10,1,0,15,0,3.1808481,-.52134228
1,8,0,0,5,1,4,1,0,15,1,3.1708541,1.2221597
0,6,7,0,8,1,12,1,0,15,1,2.8983521,1.7586219
1,8,3,10,9,1,11,1,0,15,0,2.9593697,-.25311118
0,9,3,10,9,1,11,1,0,15,0,2.9593697,.95392871
1,11,3,10,9,1,11,1,0,15,0,2.9593697,-.25311118
1,7,5,0,6,1,9,1,0,15,1,3.138823,.95392871
0,8,5,0,6,1,9,1,0,15,1,3.138823,1.4903909
0,7,4,8,30,1,6,0,0,15,0,2.9073303,
1,11,10,4,2,1,8,1,0,15,0,2.9739578,-.11899563
1,11,1,0,3,1,8,1,0,15,0,2.9739578,.81981313
0,7,5,0,2,1,12,1,0,15,0,2.9018118,-.11899563
1,7,5,0,2,1,12,1,0,15,0,2.9018118,-.11899563
0,8,12,0,6,0,5,1,0,15,0,3.1398835,-.3872267
0,11,12,0,6,0,5,1,0,15,1,3.1398835,1.7586219
1,8,5,0,4,0,7,1,0,15,1,3.1398835,.81981313
0,6,12,6,10,0,7,1,0,15,0,2.9296882,-.11899563
0,9,12,6,10,0,7,1,0,15,1,2.9296882,2.295084
0,6,5,0,6,1,10,1,0,15,0,2.9296882,-1.1919199
0,11,5,0,6,1,10,1,0,15,0,2.9296882,1.4903909
1,8,5,0,6,1,10,1,0,15,0,2.9296882,-.52134228
1,7,5,0,6,1,10,1,0,15,0,2.9296882,-.52134228
1,6,7,0,30,0,7,1,0,15,0,3.5333216,-.92368889
0,11,2,0,10,1,6,1,0,15,1,3.0491533,2.295084
0,9,0,0,10,1,3,0,0,15,0,3.0491533,
0,10,8,0,10,0,5,1,0,15,1,3.0491533,1.7586219
1,7,8,0,10,0,5,1,0,15,0,3.0491533,-.92368889
0,10,3,0,10,0,5,1,0,15,1,3.0491533,1.4903909
0,6,3,0,10,0,5,1,0,15,0,3.0491533,-1.1919199
0,10,3,2,10,1,6,1,0,15,1,3.0400152,1.0880442
0,11,0,0,2,1,7,1,0,15,1,3.5322297,.81981313
1,9,0,0,2,1,7,1,0,15,0,3.5322297,-.65545779
0,7,0,0,2,1,4,1,0,15,0,3.5322297,-.78957331
1,9,4,0,30,0,9,1,0,15,0,3.5297296,-.3872267
0,7,4,0,30,0,9,1,0,15,1,3.5297296,1.4903909
0,6,4,0,30,0,9,1,0,15,1,3.5297296,1.0880442
0,7,1,0,15,1,4,1,0,15,0,3.5226727,-.3872267
0,6,2,0,25,1,5,1,0,15,1,3.5038843,.95392871
0,7,2,0,15,0,9,1,0,15,1,3.5318766,1.4903909
0,11,2,0,15,0,9,1,0,15,1,3.5318766,2.295084
1,9,2,0,15,0,9,1,0,15,0,3.5318766,1.0880442
0,10,6,0,25,0,9,1,0,15,1,3.5038843,2.0268531
1,7,1,0,30,0,7,1,0,15,0,3.5152812,-.11899563
1,10,1,0,30,0,7,1,0,15,0,3.5152812,.55158204
0,10,2,0,8,1,8,1,0,14,0,6.7715282,-.52134228
0,9,2,0,8,1,8,1,0,14,0,6.7715282,-.92368889
0,7,3,10,1,1,6,1,0,14,0,6.7720551,-.25311118
0,10,2,0,30,1,8,1,0,14,0,6.5435967,-.25311118
0,9,6,5,2,0,4,1,0,14,0,6.7115979,.015119907
1,7,3,4,5,1,8,1,0,14,0,6.8284936,-1.1919199
1,10,3,4,5,1,8,1,0,14,0,6.8284936,.41746652
0,10,2,0,50,1,10,0,0,14,0,6.5323586,
0,6,2,0,50,1,10,1,0,14,0,6.5323586,-.92368889
1,7,0,8,25,1,6,1,0,14,0,6.6306992,-.92368889
1,6,2,0,1,1,6,1,0,14,0,6.7720551,-1.1919199
0,7,1,0,4,1,7,1,0,14,0,4.998795,-.65545779
0,6,1,0,4,1,7,1,0,14,0,4.998795,-1.1919199
0,8,1,0,4,1,7,1,0,14,0,4.998795,-.52134228
1,8,0,10,40,1,5,1,0,14,0,5.0646973,-.25311118
0,7,0,10,40,1,5,1,0,14,0,5.0646973,-.3872267
1,9,7,0,50,1,8,0,0,14,0,5.0700402,
1,11,7,0,50,1,8,1,0,14,0,5.0700402,-.92368889
1,7,7,0,50,1,8,1,0,14,0,5.0700402,-.92368889
0,8,3,0,30,0,3,1,0,14,0,4.6382389,-.3872267
0,7,0,5,20,1,6,1,0,14,0,5.0801144,-.3872267
1,9,0,5,20,1,6,1,0,14,0,5.0801144,-.65545779
0,8,3,0,3,1,4,1,0,14,0,5.0801144,-.65545779
1,10,0,10,10,1,11,1,0,14,0,6.0577455,-.52134228
1,8,0,0,20,1,6,1,0,14,0,5.8581104,.68569762
0,7,0,6,40,1,10,1,0,14,0,6.1102643,-.52134228
0,6,2,0,25,0,5,1,0,14,0,6.0943336,-.92368889
1,8,2,0,25,0,5,1,0,14,0,6.0943336,-1.0578045
1,7,4,1,60,1,9,1,0,14,0,6.1017704,-.92368889
1,10,0,10,60,1,8,1,0,14,0,6.162045,-.65545779
1,8,0,15,60,1,10,1,0,14,0,6.0760021,-1.3260355
1,11,0,5,30,1,5,1,0,14,0,6.0968871,-.52134228
1,11,8,0,25,1,9,1,0,14,0,6.0926704,-.65545779
0,10,0,0,25,1,4,1,0,14,0,5.8971658,.14923544
1,11,2,5,15,1,6,1,0,14,0,5.9667749,-.11899563
1,8,2,5,15,1,6,1,0,14,0,5.9667749,-1.0578045
0,9,5,5,30,1,7,1,0,13,1,2.3616667,.68569762
1,8,1,3,35,0,6,1,0,13,0,2.3549585,-.92368889
0,10,1,3,35,0,6,1,0,13,1,2.3549585,1.3562753
1,8,2,2,10,1,3,1,0,13,0,2.1266055,-.52134228
1,7,5,2,12,1,6,1,0,13,0,2.3252089,-.92368889
0,6,5,2,12,1,6,1,0,13,0,2.3252089,-1.1919199
0,10,0,0,13,1,5,1,0,13,0,2.3334389,.68569762
1,11,0,3,15,1,5,1,0,13,0,2.3456175,-.78957331
0,8,7,2,42,1,10,1,0,13,1,2.1266055,.81981313
1,6,0,5,14,1,10,1,0,13,0,2.424299,-.92368889
0,9,0,5,14,1,10,1,0,13,1,2.424299,.41746652
1,8,0,5,14,1,10,1,0,13,0,2.424299,-.11899563
0,8,3,3,15,1,6,1,0,13,0,2.3119583,-.11899563
1,6,3,3,15,1,6,1,0,13,0,2.3119583,-1.0578045
0,6,3,5,40,1,8,1,0,13,0,2.3470559,-.65545779
0,9,3,5,40,1,8,1,0,13,1,2.3470559,.55158204
1,11,0,2,13,0,2,1,0,13,0,2.3387134,-.65545779
0,7,0,0,11,1,9,1,0,13,0,2.3387134,-1.1919199
1,7,0,0,11,1,9,1,0,13,0,2.3387134,-.52134228
1,7,3,15,15,1,7,1,0,13,0,2.0062184,-.65545779
0,6,3,15,15,1,7,1,0,13,0,2.0062184,-1.1919199
1,8,3,15,15,1,7,1,0,13,0,2.0062184,-.11899563
1,9,0,10,15,1,5,1,0,13,0,2.3456175,-.3872267
0,6,4,3,8,0,4,1,0,13,0,2.3535776,-.92368889
1,8,10,10,5,1,10,1,0,13,0,3.8053086,-.92368889
0,11,10,10,5,1,10,1,0,13,0,3.8053086,.95392871
1,9,5,4,40,1,12,1,0,13,0,3.8048556,-.78957331
0,10,5,4,40,1,12,1,0,13,1,3.8048556,1.3562753
0,7,5,4,40,1,12,1,0,13,0,3.8048556,-.78957331
0,11,5,10,20,0,8,1,0,13,1,3.8466334,1.3562753
0,8,5,10,20,0,8,0,0,13,0,3.8466334,
0,7,3,5,40,1,7,1,0,13,0,3.9614437,-.52134228
1,9,3,5,40,1,7,1,0,13,0,3.9614437,-.25311118
1,10,3,7,30,1,10,1,0,13,0,3.9479992,-.11899563
1,6,3,7,30,1,10,1,0,13,0,3.9479992,-.11899563
1,9,3,7,30,1,10,1,0,13,0,3.9479992,-.3872267
0,7,1,4,65,1,5,1,0,13,0,3.7412381,.015119907
1,11,2,8,25,1,7,1,0,13,0,3.8104589,-.52134228
0,10,2,8,25,1,7,1,0,13,1,3.8104589,1.3562753
1,9,3,20,50,1,12,1,0,13,0,3.7830937,-.92368889
1,6,3,20,50,1,12,1,0,13,0,3.7830937,-.92368889
1,10,3,20,50,1,12,1,0,13,0,3.7830937,-.11899563
0,10,12,10,13,1,7,1,0,13,0,3.9700098,1.7586219
0,9,2,10,12,1,7,0,0,13,1,3.9700098,
0,7,2,10,12,1,7,1,0,13,0,3.9700098,-.92368889
0,6,3,10,50,1,4,1,0,13,0,3.7719133,-.78957331
0,9,3,5,57,1,9,1,0,13,1,4.0269923,1.3562753
1,6,3,5,57,1,9,1,0,13,0,4.0269923,-1.0578045
1,11,3,5,57,1,9,1,0,13,0,4.0269923,-.11899563
1,7,3,5,57,1,9,1,0,13,0,4.0269923,-.11899563
0,7,4,0,28,1,8,1,0,13,0,3.7750189,1.2221597
1,10,4,0,28,1,8,1,0,13,0,3.7750189,1.2221597
0,8,5,20,30,1,9,1,0,13,0,3.832619,-.3872267
0,11,5,0,20,1,8,1,0,13,1,3.9671724,.95392871
0,8,5,0,20,1,8,0,0,13,1,3.9671724,
1,7,6,5,25,0,6,1,0,13,0,3.9889863,-.92368889
1,10,12,15,30,1,8,1,0,13,0,4.0721054,-.52134228
0,7,2,4,3,1,6,0,0,13,0,3.7932801,
1,10,2,4,3,1,6,1,0,13,0,3.7932801,-.52134228
1,7,2,0,15,1,3,1,0,13,0,3.9479992,-.92368889
0,9,12,15,15,0,9,1,0,13,0,3.8977845,1.4903909
1,7,0,3,.5,0,6,1,0,13,0,3.7690935,-1.3260355
0,9,3,5,45,1,9,1,0,13,0,3.9659147,-.52134228
0,11,10,10,30,0,8,1,0,13,1,3.9532154,1.3562753
1,8,10,10,30,0,8,1,0,13,0,3.9532154,-.3872267
1,8,2,5,20,1,7,1,0,13,0,3.8540814,-.92368889
1,11,2,5,20,1,7,1,0,13,0,3.8540814,-.25311118
1,10,4,4,20,1,6,1,0,13,0,3.8513751,-.52134228
1,8,4,4,20,1,6,1,0,13,0,3.8513751,-.11899563
0,10,6,5,40,1,10,1,0,13,0,3.835654,1.2221597
1,8,6,5,40,1,10,1,0,13,0,3.835654,-1.1919199
1,7,2,5,20,1,5,1,0,13,0,3.8466334,-.92368889
0,6,3,6,30,1,9,1,0,13,0,3.928359,-1.0578045
1,7,3,6,30,1,9,1,0,13,0,3.928359,-.25311118
0,9,3,6,30,1,9,1,0,13,1,3.928359,1.6245064
0,10,0,15,40,1,7,1,0,13,1,3.9504116,1.2221597
0,10,3,10,40,1,9,1,0,13,1,3.7634342,1.2221597
1,8,3,10,40,1,9,1,0,13,0,3.7634342,-.92368889
1,11,0,10,1,1,8,1,0,13,0,4.0921521,-.11899563
0,10,10,10,30,1,7,1,0,13,1,2.474725,2.295084
1,9,7,4,40,1,3,1,0,13,0,2.5295212,-1.1919199
1,10,10,15,40,0,8,1,0,13,0,2.4986148,-.11899563
0,7,2,10,30,1,10,1,0,13,1,2.195709,1.4903909
1,6,2,10,30,1,10,1,0,13,0,2.195709,-.11899563
0,10,10,10,60,1,10,1,0,13,0,2.3123014,1.3562753
1,7,10,10,60,1,10,0,0,13,0,2.3123014,
0,6,1,0,40,1,5,1,0,13,0,3.0055089,-.65545779
1,7,2,0,2,1,10,1,0,13,0,2.8172593,-1.1919199
1,8,0,4,40,1,6,1,0,13,0,2.2541411,-.92368889
1,7,0,5,40,0,9,1,0,13,1,2.195709,-.92368889
1,10,0,5,40,0,9,1,0,13,1,2.195709,-.92368889
1,8,3,4,40,1,4,1,0,13,0,2.2951167,-.52134228
0,10,2,5,35,1,6,1,0,13,0,2.3140378,1.3562753
0,6,2,5,35,1,6,1,0,13,0,2.3140378,-1.3260355
0,7,2,2,30,1,5,1,0,13,0,2.2745562,-.92368889
1,8,10,10,50,0,10,1,0,13,0,2.2853136,-.92368889
0,7,10,10,50,0,10,1,0,13,0,2.2853136,-.92368889
0,9,0,10,10,1,7,1,0,13,0,2.9398873,-.65545779
0,9,3,0,45,1,10,1,0,13,1,2.4347508,1.4903909
1,8,3,0,45,1,10,1,0,13,0,2.4347508,-.92368889
1,7,3,0,45,1,10,1,0,13,0,2.4347508,-.92368889
0,11,3,0,45,1,10,1,0,13,1,2.4347508,1.4903909
0,6,12,5,30,1,6,1,0,13,0,2.428488,-.52134228
0,8,20,20,50,1,11,1,0,13,1,2.5171673,2.295084
1,6,20,20,50,1,11,1,0,13,0,2.5171673,-.92368889
1,10,20,20,50,1,11,1,0,13,0,2.5171673,-.11899563
0,8,3,0,45,1,4,1,0,13,0,2.1390331,-.3872267
0,10,2,3,30,0,6,1,0,13,1,2.2745562,.14923544
0,10,4,2,30,1,5,1,0,13,1,2.4936621,.28335097
0,7,4,2,30,1,5,1,0,13,0,2.4936621,-.92368889
0,6,7,0,39,0,8,1,0,13,0,2.4936621,-.92368889
0,8,7,0,39,0,8,1,0,13,1,2.4936621,1.4903909
0,6,3,10,35,1,12,1,0,13,0,2.5259404,-.11899563
1,8,3,10,35,1,12,1,0,13,0,2.5259404,-.92368889
1,9,3,10,35,1,12,1,0,13,0,2.5259404,-.25311118
1,7,3,10,35,1,12,0,0,13,0,2.5259404,
1,7,5,0,30,1,7,1,0,13,0,2.441144,-.52134228
0,8,5,0,30,1,7,1,0,13,0,2.441144,1.0880442
1,7,10,2,40,0,4,1,0,13,0,2.137676,-1.3260355
0,6,0,0,35,1,5,1,0,13,0,2.2747753,-.92368889
0,9,0,0,35,1,5,1,0,13,1,2.2747753,1.2221597
1,9,2,10,10,0,12,1,0,13,0,2.2599051,-.92368889
0,7,2,10,10,0,12,1,0,13,0,2.2599051,-.92368889
1,8,2,10,10,0,12,1,0,13,0,2.2599051,-.92368889
0,6,6,20,50,1,6,1,0,13,1,2.3209331,1.4903909
0,11,6,20,50,1,6,0,0,13,1,2.3209331,
0,8,1,10,6,1,4,1,0,13,0,3.1385176,1.0880442
1,7,3,3,29,1,7,1,0,13,0,3.0644422,-.92368889
0,8,3,3,29,1,7,1,0,13,1,3.0644422,1.4903909
1,8,0,0,30,1,6,1,0,13,0,3.1382482,-.92368889
0,7,0,0,30,1,6,1,0,13,0,3.1382482,-.92368889
0,7,0,0,40,0,7,1,0,13,1,3.1427157,-.25311118
0,9,0,0,40,0,7,1,0,13,0,3.1427157,-.92368889
1,8,12,0,30,0,7,1,0,13,0,3.1399469,-.3872267
0,10,0,5,30,1,7,1,0,13,1,2.956811,1.7586219
1,8,4,0,40,0,9,1,0,13,0,3.0786066,-.65545779
0,9,3,0,20,1,6,1,0,13,1,3.1441231,.55158204
1,7,6,0,60,1,10,1,0,13,0,3.1152246,-.92368889
0,9,5,3,40,1,4,1,0,13,0,3.1037095,-.11899563
0,8,0,0,10,0,6,1,0,13,0,3.1285229,-.92368889
0,7,7,5,40,1,7,0,0,13,0,3.0450385,
1,10,7,5,40,1,7,0,0,13,0,3.0450385,
1,7,1,4,30,0,6,1,0,13,0,3.1541729,-1.0578045
0,9,2,0,32,0,7,1,0,13,1,3.1541729,.28335097
0,7,2,0,32,0,7,1,0,13,0,3.1541729,-1.0578045
1,7,0,4,15,0,9,1,1,5,1,1.5064195,-1.3260355
0,11,1,4,40,1,8,1,1,5,1,1.5044353,2.295084
0,10,2,7,25,1,8,0,1,6,1,3.6653576,
0,7,0,0,6,1,7,1,0,15,0,3.158932,-1.0578045
0,11,3,10,53,1,10,0,1,5,0,2.4516768,
0,6,5,10,45,1,10,1,1,1,0,2.0936987,-.92368889
0,11,0,6,50,0,9,1,1,5,1,1.5196316,1.7586219
1,6,4,0,14,1,5,1,0,13,0,3.5387268,-.92368889
0,11,2,0,3,1,3,1,1,5,1,2.7600224,.68569762
0,10,3,10,40,1,9,0,0,2,1,1.8895127,
0,9,0,0,1,1,12,1,1,5,0,4.0675378,1.3562753
0,10,3,6,40,1,5,1,1,12,0,3.0955141,-.92368889
1,11,3,3,15,1,6,1,0,13,0,2.3119583,-.52134228
0,10,2,0,25,1,7,0,1,5,0,2.2336903,
1,11,0,0,30,0,5,1,0,14,0,2.8309312,1.4903909
0,11,0,10,20,1,9,1,1,5,1,4.1377563,2.295084
1,9,0,20,15,1,10,1,1,5,1,4.1835222,.14923544
0,9,3,10,40,1,9,0,0,2,1,1.8895127,
1,11,0,0,1,1,12,1,0,3,0,2.5898719,-.78957331
1,11,9,20,60,0,15,1,1,6,1,2.9049377,2.1609685
0,10,0,10,15,1,6,1,1,6,1,3.5879107,1.4903909
0,6,0,5,15,0,8,1,1,6,1,2.6790853,1.2221597
1,11,0,15,20,1,8,1,1,12,1,2.0763912,1.0880442
0,9,4,0,25,0,7,1,0,13,1,3.0644422,1.3562753
0,6,15,50,36,1,12,0,1,4,0,4.073276,
1,10,1,5,40,1,8,1,0,3,0,2.2137246,-.11899563
0,6,0,30,4,0,5,1,1,5,1,4.0730801,-.11899563
1,10,0,4,10,1,5,1,1,4,0,4.0947571,-.92368889
0,10,7,10,2,0,4,0,1,4,1,4.0587316,
1,7,0,30,15,1,7,1,1,1,1,3.1160948,-.78957331
0,11,4,5,70,0,6,0,1,4,1,3.9277954,
1,7,4,0,4,1,5,0,1,1,1,2.0350132,
0,8,2,0,10,1,8,0,0,3,0,2.5306847,
0,9,2,15,40,0,7,0,0,13,1,2.1942699,
0,6,4,10,6,1,9,1,1,4,1,2.9010317,-1.1919199
0,6,2,15,40,0,7,1,0,13,0,2.1942699,-1.3260355
1,10,0,5,30,0,11,1,1,5,1,1.4921961,.55158204
0,9,0,10,10,1,11,1,0,14,0,6.0577455,.015119907
0,8,0,0,40,1,6,1,0,13,0,3.1404562,-1.0578045
0,8,11,10,3,1,7,1,0,15,0,2.9073303,-.52134228
0,10,0,5,35,1,6,1,0,3,0,2.6057274,1.3562753
1,8,4,0,25,0,7,1,0,13,0,3.0644422,-.52134228
1,7,4,0,20,0,6,1,1,6,1,3.6533334,-.65545779
1,10,10,0,12,1,9,1,1,12,0,.26395479,-.3872267
1,7,4,8,21,1,7,1,1,4,0,3.8627455,-1.3260355
0,11,0,0,20,0,5,1,0,2,1,2.6838124,1.2221597
1,7,5,0,45,1,8,1,1,1,0,2.1737876,1.4903909
0,6,2,3,28,0,5,1,1,4,0,3.8581667,-1.3260355
0,10,7,10,38,1,9,1,1,4,1,4.0650859,1.4903909
1,6,6,0,30,1,8,1,0,7,1,4.5099578,-1.0578045
0,9,5,10,14,1,5,1,1,1,1,2.2550251,1.4903909
1,7,6,0,3,0,8,1,1,5,1,2.7744529,-1.1919199
0,6,0,6,30,1,10,0,0,3,0,2.1349978,
0,7,0,2,20,1,6,1,1,12,1,.67843568,.015119907
1,7,0,0,1,1,12,0,0,3,0,2.5898719,
0,7,2,7,20,1,8,0,0,3,0,3.9043825,
0,10,0,0,30,0,8,1,1,12,1,2.0681524,1.4903909
1,8,0,0,1,0,6,1,0,3,0,2.1063757,-.92368889
0,6,0,5,40,1,7,1,1,12,0,.90903145,-1.3260355
0,10,2,15,45,1,13,1,1,5,0,2.0597432,2.295084
0,8,6,2,40,0,12,0,1,12,0,.26395479,
0,8,2,5,50,1,3,1,0,2,0,2.5961974,1.6245064
0,7,0,6,10,1,5,1,0,7,1,4.5620584,1.4903909
1,10,0,15,40,1,6,1,1,5,1,2.1693106,.55158204
0,9,1,5,50,1,9,1,1,4,1,4.3727021,-.25311118
0,10,0,15,50,0,3,1,0,13,1,3.0506287,1.8927375
0,9,7,0,8,1,12,0,0,15,0,2.8983521,
1,6,0,1,9,1,4,0,1,12,0,2.1024423,
1,9,0,6,50,0,9,1,1,5,1,1.5196316,1.6245064
1,6,1,0,45,1,8,1,1,6,0,2.8867316,-1.3260355
0,10,10,0,20,1,5,0,0,3,0,3.9616592,
0,8,0,0,1,1,12,1,1,5,1,4.0675378,.55158204
0,7,0,0,1,1,12,1,1,5,1,4.0675378,-.78957331
1,11,2,20,30,0,10,1,0,7,0,2.3464906,1.4903909
1,6,3,0,6,1,6,1,0,14,0,3.010618,-.92368889
0,11,2,10,40,1,8,1,1,6,1,2.9313402,2.295084
1,11,6,0,60,1,10,1,0,13,0,3.1152246,-.78957331
0,11,4,20,59,0,15,1,1,12,1,.38007602,-.11899563
1,11,6,15,31,1,8,1,1,6,1,2.8937812,2.295084
0,9,2,10,10,1,7,1,1,12,1,3.1369698,1.0880442
0,6,0,3,20,1,9,1,1,5,1,1.8040538,1.2221597
1,10,4,0,40,0,9,1,0,14,0,2.828218,.28335097
1,8,7,5,25,1,5,1,1,12,1,.70830643,-.25311118
0,7,1,0,17,1,5,1,1,5,1,4.1507397,1.2221597
0,10,1,0,30,0,3,1,1,12,1,3.2189209,2.295084
0,6,2,0,12,1,5,0,1,5,1,4.0909238,
0,7,7,0,8,1,12,0,0,15,1,2.8983521,
0,11,7,10,35,1,6,1,0,3,0,2.0493903,-.52134228
1,11,0,0,30,0,4,1,1,6,1,2.8653624,1.4903909
0,6,0,10,20,1,9,1,1,5,0,4.1377563,2.295084
0,9,2,7,20,1,8,0,0,3,0,3.9043825,
0,7,3,2,10,1,6,1,0,15,0,3.0400152,-.52134228
0,8,2,0,30,1,3,1,0,14,0,6.0634823,-.92368889
1,10,0,0,40,1,6,1,1,12,0,.26395479,-.11899563
1,8,3,10,50,1,13,1,0,13,0,3.7967985,-.92368889
0,11,15,0,30,0,9,0,1,6,1,2.7684777,
1,10,1,10,40,1,5,1,0,3,0,2.2103968,-.3872267
1,8,10,4,30,0,12,1,0,13,0,3.4745505,-.78957331
1,8,0,3,10,0,6,1,0,13,0,3.4745505,-.52134228
1,8,19,0,5,1,8,1,1,12,1,.15072434,1.2221597
0,8,2,10,30,1,8,1,1,12,1,2.0957654,1.3562753
1,6,1,0,20,1,7,1,1,12,0,.47868708,-1.1919199
1,11,2,13,40,1,10,1,0,3,0,2.5501842,-.52134228
0,7,2,5,50,1,5,0,1,4,0,4.0734301,
0,11,0,5,40,1,7,1,0,13,1,3.5324228,1.0880442
0,11,5,15,36,1,12,1,1,5,1,2.2614779,1.4903909
0,6,2,0,8,1,8,1,0,14,0,6.7715282,-.92368889
1,10,3,20,5,1,5,1,1,12,1,.70830643,-.65545779
0,11,0,5,30,0,11,1,1,5,1,1.4921961,.81981313
1,9,1,2,20,1,5,1,1,12,1,1.9936211,.81981313
1,11,1,0,20,1,9,1,0,7,1,2.4134557,.55158204
0,8,10,4,30,0,12,1,0,13,0,3.4745505,.14923544
1,10,4,6,50,1,8,1,1,12,0,3.5101359,.015119907
1,10,1,12,17,1,8,1,1,6,1,2.7300415,1.4903909
1,8,4,0,40,0,9,1,0,14,0,2.828218,1.4903909
1,10,5,6,40,0,6,1,1,12,1,.73888224,.68569762
1,9,5,20,50,1,9,1,1,5,1,4.0909238,.68569762
0,11,5,0,30,1,7,1,0,13,0,2.441144,1.4903909
1,7,12,10,13,1,7,1,0,13,0,3.9700098,-.92368889
0,6,0,15,60,1,10,1,0,14,0,6.0760021,-1.3260355
0,8,5,3,16,1,9,0,0,13,0,3.4941068,
0,11,20,4,4,0,8,1,1,12,1,4.229836,2.295084
0,10,4,15,33,1,9,1,1,5,1,2.0828402,2.0268531
1,8,0,0,20,1,10,1,0,3,0,1.5581777,-.92368889
0,10,6,0,3,0,8,1,1,5,1,2.7744529,1.3562753
0,6,1,4,27,1,4,1,0,13,0,3.0055089,-.92368889
0,6,4,6,50,1,8,0,1,12,0,3.5101359,
0,7,2,5,2,1,6,1,0,2,1,2.6582198,-.11899563
1,7,0,0,20,0,4,0,0,3,0,2.0552006,
1,11,0,0,14,1,9,1,1,4,1,4.0726647,1.3562753
1,7,1,0,6,1,4,1,0,15,1,3.138823,.95392871
0,11,0,0,1,0,6,0,0,3,0,2.1063757,
1,10,7,0,.5,0,7,1,1,12,0,2.9020464,-.52134228
0,6,2,10,30,1,10,1,0,3,0,2.5904386,-.92368889
0,10,5,0,30,1,7,1,0,13,0,2.441144,1.2221597
0,11,0,10,40,1,17,1,0,3,0,2.4527264,1.8927375
1,9,5,0,45,1,8,1,1,1,0,2.1737876,1.4903909
0,10,0,6,50,1,9,1,1,12,1,.70031452,1.4903909
0,7,0,5,20,1,11,1,0,14,0,3.0371523,-.92368889
0,10,0,5,40,1,4,1,1,4,0,4.3240089,1.0880442
0,8,4,20,50,1,9,1,0,2,0,2.6956668,2.295084
0,7,0,1,3,1,4,1,1,5,0,2.7600224,-.78957331
0,8,2,0,30,1,8,1,0,14,0,6.5435967,-.78957331
1,11,0,5,20,1,11,0,0,14,0,3.0371523,
0,6,5,50,14,0,8,0,1,1,0,2.232887,
1,6,0,0,20,1,5,1,0,14,0,2.7393744,-1.1919199
1,11,5,10,40,0,14,1,1,4,1,3.926517,1.4903909
0,9,10,0,4,1,4,1,0,15,0,1.9986606,.81981313
1,7,0,0,20,1,6,1,1,4,0,3.3436236,-.25311118
0,7,1,0,3,1,8,1,0,15,0,2.9739578,-1.0578045
0,9,0,20,15,1,10,1,1,4,1,4.0832949,1.0880442
0,10,4,0,28,1,8,1,0,13,0,3.7750189,1.3562753
1,8,3,10,50,1,13,0,0,13,0,3.7967985,
1,9,0,5,30,0,11,1,1,5,1,1.4921961,1.7586219
1,11,1,0,40,1,6,1,0,14,0,3.0371523,-.11899563
1,9,2,0,20,0,10,1,1,12,1,4.0886431,1.4903909
1,6,0,6,15,1,7,1,1,12,0,1.9313567,-1.1919199
1,6,10,0,40,1,6,1,0,14,0,6.1319823,-1.0578045
0,8,0,3,35,1,5,1,1,4,1,3.8636549,-1.3260355
0,10,0,5,5,1,5,1,1,4,0,2.7413971,2.295084
0,6,3,0,20,1,6,0,0,13,0,3.1441231,
0,7,1,2,20,1,5,1,1,12,1,1.9936211,.68569762
0,8,2,6,50,1,9,1,1,12,1,3.141166,-.92368889
0,10,3,0,14,1,12,1,1,12,0,.05531748,-.25311118
1,10,4,1,60,1,9,1,0,14,0,6.1017704,-.78957331
0,11,0,5,17,1,6,1,0,2,1,2.765866,1.0880442
0,10,10,0,40,1,6,1,0,14,0,6.1319823,2.295084
1,6,2,5,50,1,3,1,0,2,0,2.5961974,-.11899563
1,8,10,0,40,1,6,1,0,14,0,6.1319823,.015119907
1,7,7,0,.5,0,7,1,1,12,0,2.9020464,-.52134228
1,6,0,15,20,1,4,1,0,2,0,2.6286838,-1.3260355
0,10,0,0,6,1,7,1,1,4,1,2.6252489,2.295084
0,10,10,4,30,0,12,1,0,13,0,3.4745505,-.25311118
0,7,4,10,25,0,6,1,0,13,0,4.1031675,-.92368889
0,10,10,0,30,0,8,1,1,5,1,2.128876,2.1609685
0,10,2,6,50,1,5,1,0,14,0,6.1268816,-.3872267
0,7,.5,0,13,1,8,1,0,14,0,5.9981809,-.3872267
1,10,3,6,17,1,10,0,0,15,0,3.1808481,
0,7,1,0,40,1,6,1,0,14,0,3.0371523,-.92368889
0,9,5,1,50,0,5,1,0,13,1,3.1441231,.68569762
1,8,5,0,60,0,10,1,0,3,0,1.5497757,-.25311118
1,8,0,0,20,1,15,1,0,3,0,1.5635126,-.92368889
1,10,2,0,20,0,10,1,1,12,0,4.0886431,-.78957331
1,10,2,10,10,1,7,1,1,12,1,3.1369698,1.0880442
0,6,1,2,40,1,7,1,1,4,0,3.8276706,-.52134228
1,6,0,4,40,1,8,0,1,4,0,4.1906209,
0,11,3,0,6,1,6,1,0,14,0,3.010618,1.4903909
0,7,1,10,16,1,10,1,1,12,0,3.8550856,-1.0578045
0,7,5,2,25,0,5,1,1,12,1,.32894054,-.11899563
0,11,0,10,35,0,5,1,0,2,0,1.8680018,1.3562753
0,9,0,10,65,1,4,1,0,3,0,2.5166004,1.4903909
0,11,0,4,15,0,9,1,1,5,1,1.5064195,.95392871
1,7,2,13,40,1,10,1,0,3,0,2.5501842,1.7586219
1,7,6,4,20,1,10,1,1,6,1,2.9487853,1.6245064
1,10,0,3,15,1,8,1,1,12,1,.39228544,1.4903909
0,6,5,2,4,1,4,1,0,14,0,5.8992705,-.11899563
1,9,0,5,20,1,11,1,0,14,0,3.0371523,-.25311118
0,8,0,0,1,1,12,0,0,3,0,2.5898719,
1,11,3,10,40,1,8,1,1,4,1,3.9758646,1.4903909
1,11,0,5,30,1,8,1,1,4,1,4.0899453,.28335097
0,6,10,10,30,1,7,1,1,12,0,.12069096,-.65545779
1,9,3,0,25,1,6,1,0,13,0,3.9640596,-.11899563
1,8,0,0,20,0,4,1,0,13,0,3.4169843,-.92368889
1,11,0,0,30,0,8,1,1,5,0,2.2559903,-.11899563
1,10,16,10,35,0,7,1,0,7,0,4.5697012,1.3562753
0,10,3,0,70,1,8,1,1,4,1,3.9146945,2.295084
0,6,6,2,40,0,12,1,1,12,0,.26395479,-.92368889
1,6,3,13,15,1,9,1,1,4,0,3.9663227,-1.1919199
1,11,3,5,50,1,8,1,1,4,0,3.786777,-.65545779
1,11,7,10,36,0,10,1,1,5,1,2.3151712,1.0880442
0,7,10,0,20,1,6,0,1,12,1,3.4096494,
0,6,8,6,20,1,6,1,1,12,0,3.6888366,-.92368889
0,6,5,2,28,1,5,1,0,13,0,4.0586796,-1.3260355
0,10,5,20,50,1,9,1,1,5,1,4.0909238,2.295084
0,11,0,5,30,1,12,1,1,4,0,4.0657663,.015119907
0,11,0,10,50,0,13,1,1,12,1,3.9966695,2.295084
1,9,4,26,11,1,12,1,1,5,1,4.1534429,1.2221597
1,7,0,0,10,1,4,1,1,4,0,4.2109551,-.92368889
1,10,7,0,8,1,12,0,0,15,0,2.8983521,
0,6,1,5,30,1,7,0,0,3,0,3.8701055,
1,7,0,10,35,0,5,1,0,2,0,1.8680018,-1.3260355
1,11,6,0,20,0,7,1,1,12,0,2.9020464,-.65545779
1,7,0,3,10,0,6,0,0,13,0,3.4745505,
0,8,5,10,20,1,7,1,1,4,1,2.7636621,1.2221597
1,6,3,10,35,1,11,1,1,6,0,2.7547524,-1.3260355
0,6,8,0,30,0,5,1,0,2,1,2.0295594,-.92368889
0,10,3,0,10,1,10,1,1,4,1,2.6994996,1.0880442
0,8,0,5,30,1,5,1,0,14,0,6.0968871,-.11899563
0,11,5,2,7,0,8,1,0,2,0,2.6852124,1.2221597
1,11,1,5,40,1,5,1,1,12,0,.47868708,-.11899563
1,11,5,0,6,1,9,1,0,15,0,3.138823,-.25311118
1,6,0,10,15,1,5,1,0,13,0,2.3456175,-1.3260355
0,10,0,5,15,0,8,0,1,6,1,2.6790853,
0,11,5,20,30,1,9,1,0,13,1,3.832619,1.3562753
1,6,6,0,3,0,8,1,1,5,0,2.7744529,-1.1919199
1,10,4,0,14,1,5,1,0,13,0,3.5387268,-.52134228
1,9,0,0,1,1,12,0,0,3,0,2.5898719,
0,10,5,3,16,1,9,0,0,13,0,3.4941068,
0,8,0,15,4,1,5,1,1,4,1,2.7384529,-.3872267
0,7,0,3,7,1,7,1,0,13,0,3.5500445,.015119907
0,6,7,0,.5,0,7,1,1,12,0,2.9020464,-.52134228
1,8,8,20,20,1,10,1,1,12,0,4.0721107,-.52134228
0,11,0,10,25,0,4,1,1,6,0,2.6373785,1.3562753
0,7,0,0,15,0,6,0,0,13,0,3.4193676,
1,9,0,10,10,1,4,0,1,12,1,2.0763912,
0,8,3,15,50,1,9,0,1,12,0,.63967693,
1,10,10,10,20,1,9,1,0,3,0,3.953989,1.4903909
1,11,2,0,10,1,8,1,0,3,0,2.5306847,-.65545779
1,7,0,25,40,1,7,1,1,5,1,1.4732095,1.7586219
1,10,0,30,15,1,7,1,1,1,1,3.1160948,.81981313
1,11,5,10,40,0,9,1,1,5,1,1.4573156,1.6245064
